Receipt_ID,Staff_ID,Customer_ID,Product_ID,Service_ID,Component_ID,InsuranceStatus_ID,Receive_Device_Time,Deliver_Device_Time,Total_Repair_Time,Payments,Total_Cash
Rect1000,St533,Cus123969,Prt1263,Sv01,Cnt67,Insu120,8/24/2022,8/27/2022,3,Null,0
Rect1001,St533,Cus730195,Prt1264,Sv01,Cnt142,Insu121,7/30/2022,8/2/2022,3,Null,0
Rect1002,St503,Cus128615,Prt1265,Sv01,Cnt243,Insu122,10/20/2022,10/23/2022,3,Null,0
Rect1003,St538,Cus735721,Prt1266,Sv01,Cnt67,Insu123,9/18/2022,9/21/2022,3,Null,0
Rect1004,St539,Cus132979,Prt1267,Sv01,Cnt65,Insu124,10/28/2022,10/31/2022,3,Null,0
Rect1005,St530,Cus738236,Prt1268,Sv01,Cnt84,Insu125,9/15/2022,9/18/2022,3,Null,0
Rect1006,St540,Cus135146,Prt1269,Sv01,Cnt65,Insu126,10/4/2022,10/7/2022,3,Null,0
Rect1007,St537,Cus138173,Prt127,Sv01,Cnt84,Insu127,8/5/2022,8/8/2022,3,Null,0
Rect1008,St530,Cus745005,Prt1270,Sv01,Cnt142,Insu128,8/2/2022,8/5/2022,3,Null,0
Rect1009,St465,Cus139194,Prt1271,Sv01,Cnt243,Insu129,8/2/2022,8/5/2022,3,Null,0
Rect1010,St539,Cus746088,Prt1272,Sv01,Cnt67,Insu130,10/14/2022,10/17/2022,3,Null,0
Rect1011,St465,Cus142318,Prt1273,Sv01,Cnt142,Insu131,7/22/2022,7/25/2022,3,Null,0
Rect1012,St482,Cus145575,Prt1274,Sv01,Cnt255,Insu132,8/20/2022,8/23/2022,3,Null,0
Rect1013,St519,Cus752823,Prt1275,Sv01,Cnt255,Insu133,10/18/2022,10/21/2022,3,Null,0
Rect1014,St537,Cus953439,Prt1276,Sv01,Cnt255,Insu134,8/17/2022,8/20/2022,3,Null,0
Rect1015,St460,Cus686245,Prt1277,Sv01,Cnt255,Insu135,10/18/2022,10/21/2022,3,Null,0
Rect1016,St457,Cus955953,Prt1278,Sv01,Cnt255,Insu136,8/20/2022,8/23/2022,3,Null,0
Rect1017,St540,Cus957213,Prt1279,Sv01,Cnt255,Insu137,9/3/2022,9/8/2022,5,Null,0
Rect1018,St491,Cus110243,Prt128,Sv01,Cnt255,Insu138,8/26/2022,8/31/2022,5,Null,0
Rect1019,St460,Cus959565,Prt1280,Sv01,Cnt255,Insu139,9/22/2022,9/27/2022,5,Null,0
Rect1020,St533,Cus990404,Prt1281,Sv01,Cnt255,Insu140,9/5/2022,9/10/2022,5,Null,0
Rect1021,St493,Cus993236,Prt1282,Sv01,Cnt37,Insu141,10/10/2022,10/15/2022,5,Null,0
Rect1022,St540,Cus99483,Prt1283,Sv01,Cnt37,Insu142,11/3/2022,11/8/2022,5,Null,0
Rect1023,St539,Cus704948,Prt1284,Sv01,Cnt37,Insu143,7/20/2022,7/25/2022,5,Null,0
Rect1024,St491,Cus997210,Prt1285,Sv01,Cnt37,Insu144,8/21/2022,8/26/2022,5,Null,0
Rect1025,St541,Cus712249,Prt1286,Sv01,Cnt37,Insu145,9/14/2022,9/19/2022,5,Null,0
Rect1026,St457,Cus116282,Prt1287,Sv01,Cnt37,Insu146,9/3/2022,9/8/2022,5,Null,0
Rect1027,St503,Cus120768,Prt1288,Sv01,Cnt37,Insu147,9/27/2022,10/2/2022,5,Null,0
Rect1028,St537,Cus124347,Prt1289,Sv01,Cnt277,Insu148,6/29/2022,7/4/2022,5,Null,0
Rect1029,St540,Cus129329,Prt129,Sv01,Cnt277,Insu149,10/19/2022,10/24/2022,5,Null,0
Rect1030,St530,Cus13540,Prt1290,Sv01,Cnt277,Insu150,10/30/2022,11/4/2022,5,Null,0
Rect1031,St518,Cus142642,Prt1291,Sv01,Cnt277,Insu151,9/5/2022,9/10/2022,5,Null,0
Rect1032,St500,Cus146226,Prt1292,Sv01,Cnt277,Insu152,7/14/2022,7/19/2022,5,Null,0
Rect1033,St519,Cus844153,Prt1293,Sv01,Cnt277,Insu153,8/30/2022,9/4/2022,5,Null,0
Rect1034,St476,Cus104235,Prt1294,Sv01,Cnt277,Insu154,9/2/2022,9/7/2022,5,Null,0
Rect1035,St491,Cus68879,Prt1295,Sv01,Cnt290,Insu155,9/22/2022,9/27/2022,5,Null,0
Rect1036,St491,Cus108689,Prt1296,Sv01,Cnt303,Insu156,7/6/2022,7/11/2022,5,Null,0
Rect1037,St466,Cus958466,Prt1297,Sv01,Cnt290,Insu157,7/18/2022,7/23/2022,5,Null,0
Rect1038,St491,Cus693189,Prt1298,Sv01,Cnt290,Insu158,10/31/2022,11/5/2022,5,Null,0
Rect1039,St539,Cus988934,Prt1299,Sv01,Cnt303,Insu159,9/3/2022,9/8/2022,5,Null,0
Rect1040,St476,Cus990149,Prt13,Sv01,Cnt303,Insu160,7/15/2022,7/20/2022,5,Null,0
Rect1041,St547,Cus991331,Prt130,Sv01,Cnt290,Insu161,11/18/2022,11/23/2022,5,Null,0
Rect1042,St547,Cus993040,Prt1300,Sv01,Cnt303,Insu162,6/27/2022,7/2/2022,5,Null,0
Rect1043,St538,Cus703391,Prt1301,Sv01,Cnt290,Insu163,11/5/2022,11/10/2022,5,Null,0
Rect1044,St476,Cus704602,Prt1302,Sv01,Cnt303,Insu164,11/7/2022,11/12/2022,5,Null,0
Rect1045,St500,Cus705889,Prt1303,Sv01,Cnt303,Insu165,7/6/2022,7/11/2022,5,Null,0
Rect1046,St458,Cus708729,Prt1304,Sv01,Cnt290,Insu166,6/21/2022,6/26/2022,5,Null,0
Rect1047,St533,Cus711823,Prt1305,Sv02,Cnt290,Insu167,2/6/2022,2/11/2022,5,Chuyển khoản,775000
Rect1048,St530,Cus714424,Prt1306,Sv02,Cnt303,Insu168,10/1/2022,10/6/2022,5,Chuyển khoản,775000
Rect1049,St491,Cus113280,Prt1307,Sv02,Cnt303,Insu169,11/24/2021,11/29/2021,5,Chuyển khoản,775000
Rect1050,St511,Cus115872,Prt1308,Sv02,Cnt290,Insu170,10/24/2021,10/29/2021,5,Chuyển khoản,775000
Rect1051,St465,Cus11839,Prt1309,Sv02,Cnt174,Insu171,8/28/2022,9/2/2022,5,Tiền mặt,775000
Rect1052,St476,Cus120468,Prt131,Sv02,Cnt295,Insu172,9/10/2022,9/15/2022,5,Chuyển khoản,775000
Rect1053,St537,Cus132333,Prt1310,Sv02,Cnt295,Insu173,3/26/2022,3/31/2022,5,Chuyển khoản,775000
Rect1054,St537,Cus135113,Prt1311,Sv02,Cnt174,Insu174,8/28/2022,9/2/2022,5,Chuyển khoản,775000
Rect1055,St490,Cus137629,Prt1312,Sv02,Cnt295,Insu175,10/1/2021,10/6/2021,5,Chuyển khoản,775000
Rect1056,St458,Cus138972,Prt1313,Sv02,Cnt174,Insu176,5/20/2022,5/25/2022,5,Tiền mặt,775000
Rect1057,St547,Cus14213,Prt1314,Sv02,Cnt174,Insu177,10/26/2021,10/31/2021,5,Tiền mặt,775000
Rect1058,St458,Cus937389,Prt1315,Sv02,Cnt295,Insu178,6/2/2022,6/7/2022,5,Tiền mặt,775000
Rect1059,St466,Cus937664,Prt1316,Sv02,Cnt174,Insu179,4/22/2022,4/27/2022,5,Tiền mặt,775000
Rect1060,St460,Cus66952,Prt1317,Sv02,Cnt174,Insu180,12/21/2021,12/26/2021,5,Tiền mặt,775000
Rect1061,St500,Cus649080,Prt1318,Sv02,Cnt174,Insu181,11/12/2022,11/17/2022,5,Chuyển khoản,795000
Rect1062,St538,Cus938101,Prt1319,Sv02,Cnt295,Insu182,8/25/2021,8/30/2021,5,Tiền mặt,795000
Rect1063,St519,Cus649771,Prt132,Sv02,Cnt174,Insu183,3/14/2022,3/19/2022,5,Chuyển khoản,795000
Rect1064,St491,Cus649773,Prt1320,Sv02,Cnt295,Insu184,9/10/2022,9/15/2022,5,Chuyển khoản,795000
Rect1065,St457,Cus830342,Prt1321,Sv02,Cnt174,Insu185,5/23/2022,5/28/2022,5,Chuyển khoản,795000
Rect1066,St530,Cus963644,Prt1322,Sv02,Cnt295,Insu186,5/24/2022,5/29/2022,5,Chuyển khoản,795000
Rect1067,St493,Cus830420,Prt1323,Sv02,Cnt174,Insu187,7/24/2021,7/29/2021,5,Tiền mặt,795000
Rect1068,St547,Cus831245,Prt1324,Sv02,Cnt183,Insu188,11/13/2022,11/18/2022,5,Chuyển khoản,795000
Rect1069,St541,Cus83158,Prt1325,Sv02,Cnt294,Insu189,6/23/2022,6/28/2022,5,Chuyển khoản,795000
Rect1070,St533,Cus655173,Prt1326,Sv02,Cnt183,Insu190,11/1/2022,11/6/2022,5,Tiền mặt,795000
Rect1071,St519,Cus96472,Prt1327,Sv02,Cnt183,Insu191,10/8/2022,10/13/2022,5,Chuyển khoản,795000
Rect1072,St500,Cus831794,Prt1328,Sv02,Cnt183,Insu192,10/17/2021,10/22/2021,5,Chuyển khoản,795000
Rect1073,St457,Cus965163,Prt1329,Sv02,Cnt294,Insu193,10/11/2022,10/16/2022,5,Chuyển khoản,795000
Rect1074,St547,Cus965167,Prt133,Sv02,Cnt183,Insu194,4/12/2022,4/17/2022,5,Chuyển khoản,795000
Rect1075,St533,Cus673198,Prt1330,Sv02,Cnt294,Insu195,2/23/2022,2/28/2022,5,Tiền mặt,795000
Rect1076,St482,Cus940897,Prt1331,Sv02,Cnt294,Insu196,7/18/2022,7/23/2022,5,Tiền mặt,795000
Rect1077,St530,Cus673233,Prt1332,Sv02,Cnt294,Insu197,10/28/2022,11/2/2022,5,Chuyển khoản,795000
Rect1078,St469,Cus652164,Prt1333,Sv02,Cnt183,Insu198,10/22/2021,10/27/2021,5,Tiền mặt,805000
Rect1079,St482,Cus832851,Prt1334,Sv02,Cnt183,Insu199,2/8/2022,2/13/2022,5,Tiền mặt,805000
Rect1080,St469,Cus657370,Prt1335,Sv02,Cnt294,Insu200,5/20/2022,5/25/2022,5,Chuyển khoản,805000
Rect1081,St476,Cus83316,Prt1336,Sv02,Cnt294,Insu201,2/14/2022,2/19/2022,5,Chuyển khoản,805000
Rect1082,St457,Cus657450,Prt1337,Sv02,Cnt183,Insu202,10/31/2021,11/5/2021,5,Tiền mặt,805000
Rect1083,St537,Cus966417,Prt1338,Sv02,Cnt183,Insu203,10/20/2022,10/25/2022,5,Chuyển khoản,805000
Rect1084,St469,Cus966665,Prt1339,Sv02,Cnt183,Insu204,12/16/2021,12/21/2021,5,Chuyển khoản,805000
Rect1085,St541,Cus966999,Prt134,Sv02,Cnt294,Insu205,10/20/2022,10/25/2022,5,Tiền mặt,805000
Rect1086,St518,Cus674964,Prt1340,Sv02,Cnt265,Insu206,6/8/2022,6/13/2022,5,Chuyển khoản,805000
Rect1087,St491,Cus654486,Prt1341,Sv02,Cnt265,Insu207,6/26/2022,7/1/2022,5,Tiền mặt,805000
Rect1088,St519,Cus675571,Prt1342,Sv02,Cnt265,Insu208,12/13/2021,12/18/2021,5,Chuyển khoản,805000
Rect1089,St518,Cus675573,Prt1343,Sv02,Cnt265,Insu209,10/1/2022,10/6/2022,5,Chuyển khoản,805000
Rect1090,St468,Cus968149,Prt1344,Sv02,Cnt265,Insu210,4/29/2022,5/4/2022,5,Chuyển khoản,805000
Rect1091,St540,Cus676379,Prt1345,Sv02,Cnt265,Insu211,8/10/2021,8/15/2021,5,Chuyển khoản,805000
Rect1092,St493,Cus968582,Prt1346,Sv02,Cnt265,Insu212,8/21/2021,8/26/2021,5,Chuyển khoản,805000
Rect1093,St539,Cus945158,Prt1347,Sv02,Cnt265,Insu213,9/30/2021,10/5/2021,5,Tiền mặt,805000
Rect1094,St460,Cus660124,Prt1348,Sv02,Cnt265,Insu214,4/8/2022,4/13/2022,5,Tiền mặt,805000
Rect1095,St493,Cus836854,Prt1349,Sv02,Cnt265,Insu215,6/15/2022,6/20/2022,5,Chuyển khoản,805000
Rect1096,St510,Cus656872,Prt135,Sv02,Cnt26,Insu216,4/10/2022,4/15/2022,5,Chuyển khoản,815000
Rect1097,St457,Cus837529,Prt1350,Sv02,Cnt79,Insu217,5/23/2022,5/28/2022,5,Chuyển khoản,815000
Rect1098,St457,Cus971098,Prt1351,Sv02,Cnt26,Insu218,7/6/2022,7/11/2022,5,Chuyển khoản,815000
Rect1099,St476,Cus661016,Prt1352,Sv02,Cnt79,Insu219,11/24/2021,11/29/2021,5,Tiền mặt,815000
Rect1100,St510,Cus661026,Prt1353,Sv02,Cnt79,Insu220,5/15/2022,5/20/2022,5,Tiền mặt,815000
Rect1101,St469,Cus679558,Prt1354,Sv02,Cnt79,Insu221,10/18/2022,10/23/2022,5,Chuyển khoản,815000
Rect1102,St547,Cus661757,Prt1355,Sv02,Cnt26,Insu222,8/6/2021,8/11/2021,5,Chuyển khoản,815000
Rect1103,St518,Cus839183,Prt1356,Sv02,Cnt26,Insu223,11/20/2022,11/25/2022,5,Tiền mặt,815000
Rect1104,St460,Cus972590,Prt1357,Sv02,Cnt79,Insu224,5/1/2022,5/6/2022,5,Chuyển khoản,815000
Rect1105,St540,Cus839741,Prt1358,Sv02,Cnt26,Insu225,1/20/2022,1/25/2022,5,Tiền mặt,815000
Rect1106,St457,Cus972994,Prt1359,Sv02,Cnt26,Insu226,7/26/2021,7/31/2021,5,Tiền mặt,835000
Rect1107,St457,Cus681462,Prt136,Sv02,Cnt79,Insu227,2/16/2022,2/21/2022,5,Chuyển khoản,835000
Rect1108,St490,Cus66055,Prt1360,Sv02,Cnt79,Insu228,1/11/2022,1/16/2022,5,Chuyển khoản,835000
Rect1109,St503,Cus841772,Prt1361,Sv02,Cnt26,Insu229,9/9/2022,9/14/2022,5,Tiền mặt,835000
Rect1110,St511,Cus665729,Prt1362,Sv02,Cnt26,Insu230,9/9/2022,9/14/2022,5,Chuyển khoản,835000
Rect1111,St518,Cus842700,Prt1363,Sv02,Cnt79,Insu231,12/6/2021,12/11/2021,5,Tiền mặt,835000
Rect1112,St457,Cus9874,Prt1364,Sv02,Cnt253,Insu232,3/20/2022,3/25/2022,5,Chuyển khoản,835000
Rect1113,St469,Cus115273,Prt1365,Sv02,Cnt274,Insu233,8/12/2022,8/17/2022,5,Chuyển khoản,835000
Rect1114,St539,Cus698517,Prt1366,Sv02,Cnt44,Insu234,8/27/2021,9/1/2021,5,Chuyển khoản,835000
Rect1115,St547,Cus704415,Prt1367,Sv02,Cnt253,Insu235,10/4/2021,10/9/2021,5,Tiền mặt,835000
Rect1116,St482,Cus997985,Prt1368,Sv02,Cnt44,Insu236,9/2/2021,9/7/2021,5,Tiền mặt,835000
Rect1117,St537,Cus708471,Prt1369,Sv02,Cnt253,Insu237,11/18/2021,11/23/2021,5,Chuyển khoản,835000
Rect1118,St469,Cus722837,Prt137,Sv02,Cnt274,Insu238,6/28/2022,7/3/2022,5,Tiền mặt,835000
Rect1119,St537,Cus119876,Prt1370,Sv02,Cnt253,Insu239,9/29/2021,10/4/2021,5,Tiền mặt,835000
Rect1120,St493,Cus138501,Prt1371,Sv02,Cnt44,Insu240,7/1/2022,7/6/2022,5,Chuyển khoản,835000
Rect1121,St519,Cus750404,Prt1372,Sv02,Cnt253,Insu241,5/13/2022,5/18/2022,5,Chuyển khoản,835000
Rect1122,St490,Cus145883,Prt1373,Sv02,Cnt274,Insu242,1/26/2022,1/31/2022,5,Chuyển khoản,845000
Rect1123,St518,Cus145979,Prt1374,Sv02,Cnt44,Insu243,9/25/2021,9/30/2021,5,Chuyển khoản,845000
Rect1124,St457,Cus76324,Prt1375,Sv02,Cnt274,Insu244,5/17/2022,5/22/2022,5,Tiền mặt,845000
Rect1125,St510,Cus590813,Prt1376,Sv02,Cnt44,Insu245,10/19/2022,10/24/2022,5,Chuyển khoản,845000
Rect1126,St510,Cus571912,Prt1377,Sv02,Cnt274,Insu246,7/5/2022,7/10/2022,5,Chuyển khoản,845000
Rect1127,St540,Cus772582,Prt1378,Sv02,Cnt44,Insu247,10/8/2021,10/13/2021,5,Tiền mặt,845000
Rect1128,St510,Cus57422,Prt1379,Sv02,Cnt253,Insu248,7/8/2022,7/13/2022,5,Chuyển khoản,845000
Rect1129,St490,Cus773504,Prt138,Sv02,Cnt253,Insu249,10/20/2021,10/25/2021,5,Chuyển khoản,845000
Rect1130,St493,Cus881220,Prt1380,Sv02,Cnt274,Insu250,11/9/2022,11/14/2022,5,Tiền mặt,845000
Rect1131,St458,Cus595072,Prt1381,Sv02,Cnt44,Insu251,9/16/2022,9/21/2022,5,Tiền mặt,845000
Rect1132,St469,Cus881435,Prt1382,Sv02,Cnt253,Insu252,10/19/2022,10/24/2022,5,Chuyển khoản,845000
Rect1133,St468,Cus882225,Prt1383,Sv02,Cnt274,Insu253,9/17/2021,9/22/2021,5,Tiền mặt,845000
Rect1134,St468,Cus774746,Prt1384,Sv02,Cnt44,Insu254,1/6/2022,1/11/2022,5,Chuyển khoản,845000
Rect1135,St519,Cus882575,Prt1385,Sv02,Cnt253,Insu255,7/20/2022,7/25/2022,5,Chuyển khoản,845000
Rect1136,St457,Cus576635,Prt1386,Sv02,Cnt274,Insu256,8/9/2021,8/14/2021,5,Chuyển khoản,845000
Rect1137,St458,Cus597981,Prt1387,Sv02,Cnt44,Insu257,11/27/2021,12/2/2021,5,Tiền mặt,845000
Rect1138,St482,Cus884480,Prt1388,Sv02,Cnt253,Insu258,6/6/2022,6/11/2022,5,Tiền mặt,845000
Rect1139,St511,Cus598469,Prt1389,Sv02,Cnt274,Insu259,9/4/2022,9/9/2022,5,Tiền mặt,845000
Rect1140,St547,Cus603941,Prt139,Sv02,Cnt44,Insu260,2/24/2022,3/1/2022,5,Chuyển khoản,845000
Rect1141,St490,Cus887454,Prt1390,Sv02,Cnt139,Insu261,6/1/2022,6/6/2022,5,Chuyển khoản,845000
Rect1142,St518,Cus605384,Prt1391,Sv02,Cnt139,Insu262,5/16/2022,5/21/2022,5,Tiền mặt,845000
Rect1143,St537,Cus780810,Prt1392,Sv02,Cnt139,Insu263,1/31/2022,2/5/2022,5,Tiền mặt,845000
Rect1144,St493,Cus605600,Prt1393,Sv02,Cnt139,Insu264,3/6/2022,3/11/2022,5,Tiền mặt,845000
Rect1145,St491,Cus781119,Prt1394,Sv02,Cnt139,Insu265,11/12/2021,11/17/2021,5,Chuyển khoản,845000
Rect1146,St468,Cus580967,Prt1395,Sv02,Cnt139,Insu266,8/29/2022,9/3/2022,5,Chuyển khoản,845000
Rect1147,St491,Cus602161,Prt1396,Sv02,Cnt139,Insu267,7/12/2022,7/17/2022,5,Chuyển khoản,845000
Rect1148,St541,Cus581910,Prt1397,Sv02,Cnt139,Insu268,9/17/2021,9/22/2021,5,Tiền mặt,845000
Rect1149,St503,Cus603109,Prt1398,Sv02,Cnt139,Insu269,9/28/2022,10/3/2022,5,Tiền mặt,845000
Rect1150,St539,Cus582320,Prt1399,Sv02,Cnt313,Insu270,9/7/2021,9/12/2021,5,Tiền mặt,845000
Rect1151,St530,Cus604220,Prt14,Sv02,Cnt41,Insu271,11/8/2022,11/13/2022,5,Chuyển khoản,855000
Rect1152,St519,Cus604894,Prt140,Sv02,Cnt179,Insu272,11/8/2022,11/13/2022,5,Chuyển khoản,855000
Rect1153,St519,Cus608202,Prt1400,Sv02,Cnt29,Insu273,7/20/2022,7/25/2022,5,Chuyển khoản,855000
Rect1154,St539,Cus891692,Prt1401,Sv02,Cnt313,Insu274,2/6/2022,2/11/2022,5,Tiền mặt,855000
Rect1155,St538,Cus787588,Prt1402,Sv02,Cnt41,Insu275,8/3/2022,8/8/2022,5,Chuyển khoản,855000
Rect1156,St537,Cus613349,Prt1403,Sv02,Cnt29,Insu276,4/13/2022,4/18/2022,5,Chuyển khoản,855000
Rect1157,St503,Cus787834,Prt1404,Sv02,Cnt179,Insu277,10/20/2021,10/25/2021,5,Tiền mặt,855000
Rect1158,St511,Cus587698,Prt1405,Sv02,Cnt29,Insu278,7/30/2022,8/4/2022,5,Chuyển khoản,855000
Rect1159,St518,Cus60938,Prt1406,Sv02,Cnt29,Insu279,8/24/2021,8/29/2021,5,Tiền mặt,855000
Rect1160,St540,Cus610324,Prt1407,Sv02,Cnt313,Insu280,10/9/2022,10/14/2022,5,Tiền mặt,865000
Rect1161,St482,Cus614826,Prt1408,Sv02,Cnt124,Insu281,2/9/2022,2/14/2022,5,Tiền mặt,865000
Rect1162,St460,Cus789297,Prt1409,Sv02,Cnt59,Insu282,6/10/2022,6/15/2022,5,Tiền mặt,865000
Rect1163,St493,Cus611978,Prt141,Sv02,Cnt124,Insu283,11/29/2021,12/4/2021,5,Tiền mặt,865000
Rect1164,St518,Cus790657,Prt1410,Sv02,Cnt20,Insu284,5/3/2022,5/8/2022,5,Tiền mặt,865000
Rect1165,St519,Cus612345,Prt1411,Sv02,Cnt100,Insu285,10/28/2022,11/2/2022,5,Chuyển khoản,865000
Rect1166,St537,Cus616209,Prt1412,Sv02,Cnt20,Insu286,9/13/2022,9/18/2022,5,Tiền mặt,865000
Rect1167,St500,Cus791284,Prt1413,Sv02,Cnt20,Insu287,9/13/2021,9/18/2021,5,Chuyển khoản,865000
Rect1168,St490,Cus89870,Prt1414,Sv02,Cnt100,Insu288,1/2/2022,1/7/2022,5,Chuyển khoản,865000
Rect1169,St533,Cus614314,Prt1415,Sv02,Cnt20,Insu289,5/15/2022,5/20/2022,5,Chuyển khoản,865000
Rect1170,St539,Cus899391,Prt1416,Sv02,Cnt20,Insu290,7/25/2022,7/30/2022,5,Tiền mặt,865000
Rect1171,St460,Cus792761,Prt1417,Sv02,Cnt20,Insu291,1/5/2022,1/10/2022,5,Chuyển khoản,985000
Rect1172,St490,Cus618547,Prt1418,Sv02,Cnt20,Insu292,3/31/2022,4/5/2022,5,Chuyển khoản,985000
Rect1173,St519,Cus615448,Prt1419,Sv02,Cnt20,Insu293,3/19/2022,3/24/2022,5,Tiền mặt,985000
Rect1174,St547,Cus902478,Prt142,Sv02,Cnt100,Insu294,10/12/2022,10/17/2022,5,Tiền mặt,985000
Rect1175,St538,Cus794577,Prt1420,Sv02,Cnt20,Insu295,5/22/2022,5/27/2022,5,Chuyển khoản,985000
Rect1176,St465,Cus795001,Prt1421,Sv02,Cnt100,Insu296,7/7/2022,7/12/2022,5,Chuyển khoản,985000
Rect1177,St490,Cus622318,Prt1422,Sv02,Cnt20,Insu297,12/30/2021,1/4/2022,5,Chuyển khoản,985000
Rect1178,St469,Cus622608,Prt1423,Sv02,Cnt20,Insu298,10/12/2022,10/17/2022,5,Chuyển khoản,985000
Rect1179,St533,Cus617930,Prt1424,Sv02,Cnt100,Insu299,10/14/2022,10/19/2022,5,Chuyển khoản,985000
Rect1180,St493,Cus90487,Prt1425,Sv02,Cnt20,Insu300,7/3/2022,7/8/2022,5,Tiền mặt,985000
Rect1181,St503,Cus618880,Prt1426,Sv02,Cnt20,Insu301,11/18/2021,11/23/2021,5,Tiền mặt,985000
Rect1182,St476,Cus624003,Prt1427,Sv02,Cnt707,Insu302,9/3/2021,9/8/2021,5,Chuyển khoản,985000
Rect1183,St503,Cus624046,Prt1428,Sv02,Cnt680,Insu303,2/8/2022,2/13/2022,5,Chuyển khoản,985000
Rect1184,St538,Cus62026,Prt1429,Sv02,Cnt630,Insu304,8/22/2021,8/27/2021,5,Tiền mặt,985000
Rect1185,St510,Cus624836,Prt143,Sv02,Cnt630,Insu305,7/15/2022,7/20/2022,5,Chuyển khoản,985000
Rect1186,St538,Cus625054,Prt1430,Sv02,Cnt752,Insu306,11/20/2022,11/25/2022,5,Chuyển khoản,985000
Rect1187,St500,Cus799567,Prt1431,Sv02,Cnt753,Insu307,4/22/2022,4/27/2022,5,Tiền mặt,985000
Rect1188,St468,Cus800348,Prt1432,Sv02,Cnt764,Insu308,10/4/2022,10/9/2022,5,Chuyển khoản,985000
Rect1189,St511,Cus801169,Prt1433,Sv02,Cnt701,Insu309,5/10/2022,5/15/2022,5,Tiền mặt,985000
Rect1190,St493,Cus626195,Prt1434,Sv02,Cnt707,Insu310,10/18/2021,10/23/2021,5,Tiền mặt,985000
Rect1191,St519,Cus912274,Prt1435,Sv02,Cnt752,Insu311,10/26/2022,10/31/2022,5,Chuyển khoản,985000
Rect1192,St460,Cus629987,Prt1436,Sv02,Cnt753,Insu312,10/29/2022,11/3/2022,5,Chuyển khoản,985000
Rect1193,St500,Cus912597,Prt1437,Sv02,Cnt764,Insu313,2/14/2022,2/19/2022,5,Chuyển khoản,985000
Rect1194,St537,Cus630824,Prt1438,Sv02,Cnt680,Insu314,12/21/2021,12/26/2021,5,Tiền mặt,985000
Rect1195,St519,Cus805483,Prt1439,Sv02,Cnt630,Insu315,3/10/2022,3/15/2022,5,Chuyển khoản,985000
Rect1196,St466,Cus91439,Prt144,Sv02,Cnt747,Insu316,1/3/2022,1/8/2022,5,Tiền mặt,985000
Rect1197,St510,Cus806077,Prt1440,Sv02,Cnt753,Insu317,3/19/2022,3/24/2022,5,Tiền mặt,985000
Rect1198,St530,Cus628006,Prt1441,Sv02,Cnt764,Insu318,11/3/2021,11/8/2021,5,Tiền mặt,985000
Rect1199,St530,Cus632043,Prt1442,Sv02,Cnt630,Insu319,10/15/2022,10/20/2022,5,Tiền mặt,985000
Rect1200,St530,Cus629118,Prt1443,Sv02,Cnt680,Insu320,8/19/2021,8/24/2021,5,Tiền mặt,985000
Rect1201,St468,Cus915778,Prt1444,Sv02,Cnt701,Insu321,4/12/2022,4/17/2022,5,Chuyển khoản,985000
Rect1202,St519,Cus629987,Prt1445,Sv02,Cnt752,Insu322,8/6/2021,8/11/2021,5,Tiền mặt,985000
Rect1203,St500,Cus916759,Prt1446,Sv02,Cnt753,Insu323,11/20/2021,11/25/2021,5,Chuyển khoản,985000
Rect1204,St490,Cus824902,Prt1447,Sv02,Cnt764,Insu324,8/25/2021,8/30/2021,5,Tiền mặt,985000
Rect1205,St503,Cus645263,Prt1448,Sv02,Cnt680,Insu325,5/22/2022,5/27/2022,5,Chuyển khoản,985000
Rect1206,St538,Cus63105,Prt1449,Sv02,Cnt701,Insu326,5/20/2022,5/25/2022,5,Tiền mặt,985000
Rect1207,St503,Cus93258,Prt145,Sv02,Cnt747,Insu327,9/8/2021,9/13/2021,5,Tiền mặt,985000
Rect1208,St460,Cus918322,Prt1450,Sv02,Cnt753,Insu328,10/9/2021,10/14/2021,5,Tiền mặt,985000
Rect1209,St510,Cus632392,Prt1451,Sv02,Cnt764,Insu329,5/9/2022,5/14/2022,5,Tiền mặt,985000
Rect1210,St457,Cus811430,Prt1452,Sv02,Cnt630,Insu330,9/7/2022,9/12/2022,5,Tiền mặt,985000
Rect1211,St482,Cus632843,Prt1453,Sv02,Cnt680,Insu331,8/22/2021,8/27/2021,5,Chuyển khoản,985000
Rect1212,St538,Cus637119,Prt1454,Sv02,Cnt683,Insu332,9/14/2021,9/19/2021,5,Chuyển khoản,985000
Rect1213,St491,Cus812191,Prt1455,Sv02,Cnt680,Insu333,9/22/2021,9/27/2021,5,Tiền mặt,985000
Rect1214,St457,Cus920051,Prt1456,Sv02,Cnt630,Insu334,11/20/2022,11/25/2022,5,Tiền mặt,985000
Rect1215,St491,Cus813303,Prt1457,Sv02,Cnt738,Insu335,10/15/2021,10/20/2021,5,Chuyển khoản,985000
Rect1216,St476,Cus638580,Prt1458,Sv02,Cnt747,Insu336,9/8/2022,9/13/2022,5,Chuyển khoản,995000
Rect1217,St490,Cus920543,Prt1459,Sv02,Cnt749,Insu337,10/21/2022,10/25/2022,4,Chuyển khoản,995000
Rect1218,St458,Cus639113,Prt146,Sv02,Cnt630,Insu338,9/6/2021,9/10/2021,4,Tiền mặt,995000
Rect1219,St541,Cus814483,Prt1460,Sv02,Cnt680,Insu339,7/15/2022,7/19/2022,4,Tiền mặt,995000
Rect1220,St482,Cus640366,Prt1461,Sv02,Cnt683,Insu340,11/8/2021,11/12/2021,4,Chuyển khoản,995000
Rect1221,St547,Cus815604,Prt1462,Sv02,Cnt701,Insu341,6/20/2022,6/24/2022,4,Chuyển khoản,995000
Rect1222,St503,Cus923256,Prt1463,Sv02,Cnt587,Insu342,3/26/2022,3/30/2022,4,Chuyển khoản,1005000
Rect1223,St457,Cus923275,Prt1464,Sv02,Cnt587,Insu343,7/20/2021,7/24/2021,4,Chuyển khoản,1005000
Rect1224,St533,Cus63825,Prt1465,Sv02,Cnt738,Insu344,7/23/2021,7/27/2021,4,Tiền mặt,1005000
Rect1225,St538,Cus924356,Prt1466,Sv02,Cnt747,Insu345,3/16/2022,3/20/2022,4,Tiền mặt,1005000
Rect1226,St460,Cus817849,Prt1467,Sv02,Cnt749,Insu346,7/9/2022,7/13/2022,4,Chuyển khoản,1005000
Rect1227,St466,Cus638601,Prt1468,Sv02,Cnt738,Insu347,9/29/2021,10/3/2021,4,Tiền mặt,1005000
Rect1228,St511,Cus642491,Prt1469,Sv02,Cnt749,Insu348,8/7/2022,8/11/2022,4,Tiền mặt,1005000
Rect1229,St547,Cus818363,Prt147,Sv02,Cnt752,Insu349,6/5/2022,6/9/2022,4,Chuyển khoản,1005000
Rect1230,St491,Cus925869,Prt1470,Sv02,Cnt753,Insu350,11/28/2021,12/2/2021,4,Chuyển khoản,1005000
Rect1231,St476,Cus93322,Prt1471,Sv02,Cnt764,Insu351,9/21/2021,9/25/2021,4,Chuyển khoản,1005000
Rect1232,St460,Cus818858,Prt1472,Sv02,Cnt683,Insu352,2/23/2022,2/27/2022,4,Tiền mặt,1005000
Rect1233,St491,Cus640406,Prt1473,Sv02,Cnt630,Insu353,8/19/2021,8/23/2021,4,Chuyển khoản,1005000
Rect1234,St458,Cus644645,Prt1474,Sv02,Cnt680,Insu354,8/28/2021,9/1/2021,4,Chuyển khoản,1005000
Rect1235,St540,Cus646677,Prt1475,Sv02,Cnt683,Insu355,6/16/2022,6/20/2022,4,Chuyển khoản,1005000
Rect1236,St490,Cus826588,Prt1476,Sv02,Cnt680,Insu356,10/26/2021,10/30/2021,4,Tiền mặt,1005000
Rect1237,St541,Cus650869,Prt1477,Sv02,Cnt701,Insu357,8/23/2022,8/27/2022,4,Chuyển khoản,1005000
Rect1238,St482,Cus822135,Prt1478,Sv02,Cnt738,Insu358,4/9/2022,4/13/2022,4,Tiền mặt,1005000
Rect1239,St460,Cus647044,Prt1479,Sv02,Cnt747,Insu359,7/17/2022,7/21/2022,4,Tiền mặt,1025000
Rect1240,St503,Cus647324,Prt148,Sv02,Cnt749,Insu360,9/5/2022,9/9/2022,4,Tiền mặt,1025000
Rect1241,St519,Cus844366,Prt1480,Sv02,Cnt752,Insu361,7/2/2022,7/6/2022,4,Tiền mặt,1025000
Rect1242,St491,Cus668236,Prt1481,Sv02,Cnt752,Insu362,9/16/2021,9/20/2021,4,Chuyển khoản,1025000
Rect1243,St547,Cus84626,Prt1482,Sv02,Cnt753,Insu363,7/9/2022,7/13/2022,4,Tiền mặt,1025000
Rect1244,St547,Cus855213,Prt1483,Sv02,Cnt764,Insu364,8/20/2021,8/24/2021,4,Chuyển khoản,1025000
Rect1245,St466,Cus115836,Prt1484,Sv02,Cnt683,Insu365,10/18/2021,10/22/2021,4,Chuyển khoản,1025000
Rect1246,St511,Cus857754,Prt1485,Sv02,Cnt680,Insu366,11/28/2021,12/2/2021,4,Tiền mặt,1035000
Rect1247,St469,Cus118802,Prt1486,Sv02,Cnt683,Insu367,1/17/2022,1/21/2022,4,Chuyển khoản,1035000
Rect1248,St493,Cus860209,Prt1487,Sv02,Cnt701,Insu368,5/30/2022,6/3/2022,4,Tiền mặt,1035000
Rect1249,St460,Cus863452,Prt1488,Sv02,Cnt717,Insu369,9/21/2021,9/25/2021,4,Tiền mặt,1035000
Rect1250,St490,Cus105269,Prt1489,Sv02,Cnt683,Insu370,6/12/2022,6/16/2022,4,Chuyển khoản,1035000
Rect1251,St538,Cus11172,Prt149,Sv02,Cnt683,Insu371,10/22/2022,10/26/2022,4,Tiền mặt,1035000
Rect1252,St476,Cus717913,Prt1490,Sv02,Cnt707,Insu372,3/15/2022,3/19/2022,4,Chuyển khoản,1035000
Rect1253,St511,Cus722807,Prt1491,Sv02,Cnt717,Insu373,4/19/2022,4/23/2022,4,Tiền mặt,1035000
Rect1254,St490,Cus72855,Prt1492,Sv02,Cnt683,Insu374,3/29/2022,4/2/2022,4,Tiền mặt,1035000
Rect1255,St510,Cus734013,Prt1493,Sv02,Cnt707,Insu375,5/1/2022,5/5/2022,4,Chuyển khoản,1035000
Rect1256,St503,Cus73833,Prt1494,Sv02,Cnt680,Insu376,4/5/2022,4/9/2022,4,Chuyển khoản,1035000
Rect1257,St500,Cus745077,Prt1495,Sv02,Cnt683,Insu377,2/25/2022,3/1/2022,4,Chuyển khoản,1035000
Rect1258,St533,Cus746101,Prt1496,Sv02,Cnt683,Insu378,10/23/2022,10/27/2022,4,Tiền mặt,1035000
Rect1259,St518,Cus751401,Prt1497,Sv02,Cnt683,Insu379,4/14/2022,4/18/2022,4,Chuyển khoản,1035000
Rect1260,St547,Cus666918,Prt1498,Sv02,Cnt683,Insu380,10/17/2021,10/21/2021,4,Chuyển khoản,1035000
Rect1261,St500,Cus663761,Prt1499,Sv02,Cnt680,Insu381,6/22/2022,6/26/2022,4,Tiền mặt,1035000
Rect1262,St539,Cus663904,Prt15,Sv02,Cnt680,Insu382,1/13/2022,1/17/2022,4,Tiền mặt,1035000
Rect1263,St541,Cus955537,Prt150,Sv02,Cnt680,Insu383,7/20/2021,7/24/2021,4,Tiền mặt,1035000
Rect1264,St539,Cus1057,Prt1500,Sv02,Cnt683,Insu384,9/22/2021,9/26/2021,4,Tiền mặt,1035000
Rect1265,St457,Cus9810,Prt1501,Sv02,Cnt683,Insu385,9/13/2022,9/17/2022,4,Chuyển khoản,1035000
Rect1266,St518,Cus690078,Prt1502,Sv02,Cnt683,Insu386,7/5/2022,7/9/2022,4,Chuyển khoản,1055000
Rect1267,St465,Cus959147,Prt1503,Sv02,Cnt680,Insu387,11/13/2022,11/17/2022,4,Tiền mặt,1055000
Rect1268,St469,Cus11071,Prt1504,Sv02,Cnt630,Insu388,8/18/2022,8/22/2022,4,Chuyển khoản,1055000
Rect1269,St541,Cus985200,Prt1505,Sv02,Cnt738,Insu389,12/30/2021,1/3/2022,4,Tiền mặt,1055000
Rect1270,St466,Cus985983,Prt1506,Sv02,Cnt747,Insu390,3/8/2022,3/12/2022,4,Chuyển khoản,1055000
Rect1271,St493,Cus113280,Prt1507,Sv02,Cnt749,Insu391,12/9/2021,12/13/2021,4,Chuyển khoản,1055000
Rect1272,St511,Cus9901,Prt1508,Sv02,Cnt764,Insu392,10/21/2022,10/25/2022,4,Tiền mặt,1055000
Rect1273,St482,Cus698476,Prt1509,Sv02,Cnt680,Insu393,8/4/2021,8/8/2021,4,Chuyển khoản,1055000
Rect1274,St469,Cus856723,Prt151,Sv02,Cnt701,Insu394,10/19/2022,10/23/2022,4,Chuyển khoản,1055000
Rect1275,St538,Cus992977,Prt1510,Sv02,Cnt717,Insu395,10/28/2021,11/1/2021,4,Tiền mặt,1055000
Rect1276,St530,Cus701748,Prt1511,Sv02,Cnt749,Insu396,3/13/2022,3/17/2022,4,Tiền mặt,1055000
Rect1277,St460,Cus704451,Prt1512,Sv02,Cnt752,Insu397,10/11/2021,10/15/2021,4,Chuyển khoản,1055000
Rect1278,St503,Cus707313,Prt1513,Sv02,Cnt753,Insu398,8/24/2022,8/28/2022,4,Chuyển khoản,1055000
Rect1279,St460,Cus105731,Prt1514,Sv02,Cnt764,Insu399,7/28/2021,8/1/2021,4,Chuyển khoản,1055000
Rect1280,St503,Cus711556,Prt1515,Sv02,Cnt707,Insu400,8/3/2021,8/7/2021,4,Tiền mặt,1055000
Rect982,St510,Cus114410,Prt1516,Sv01,Cnt142,Insu102,6/23/2022,6/26/2022,3,Null,0
Rect983,St460,Cus697828,Prt1517,Sv01,Cnt243,Insu103,8/16/2022,8/19/2022,3,Null,0
Rect984,St491,Cus116886,Prt1518,Sv01,Cnt65,Insu104,9/28/2022,10/1/2022,3,Null,0
Rect985,St533,Cus700591,Prt1519,Sv01,Cnt67,Insu105,7/28/2022,7/31/2022,3,Null,0
Rect986,St476,Cus119317,Prt152,Sv01,Cnt84,Insu106,9/18/2022,9/21/2022,3,Null,0
Rect987,St458,Cus11994,Prt1520,Sv01,Cnt142,Insu107,10/1/2022,10/4/2022,3,Null,0
Rect988,St539,Cus86132,Prt1521,Sv01,Cnt243,Insu108,8/17/2022,8/20/2022,3,Null,0
Rect989,St476,Cus122710,Prt1522,Sv01,Cnt67,Insu109,8/25/2022,8/28/2022,3,Null,0
Rect990,St490,Cus709377,Prt1523,Sv01,Cnt84,Insu110,8/8/2022,8/11/2022,3,Null,0
Rect991,St539,Cus712107,Prt1524,Sv01,Cnt243,Insu111,9/14/2022,9/17/2022,3,Null,0
Rect992,St511,Cus107448,Prt1525,Sv01,Cnt65,Insu112,7/6/2022,7/9/2022,3,Null,0
Rect993,St491,Cus714768,Prt1526,Sv01,Cnt243,Insu113,7/21/2022,7/24/2022,3,Null,0
Rect994,St465,Cus113716,Prt1527,Sv01,Cnt65,Insu114,6/30/2022,7/3/2022,3,Null,0
Rect995,St476,Cus717870,Prt1528,Sv01,Cnt84,Insu115,9/23/2022,9/26/2022,3,Null,0
Rect996,St518,Cus115936,Prt1529,Sv01,Cnt65,Insu116,8/29/2022,9/1/2022,3,Null,0
Rect997,St457,Cus118833,Prt153,Sv01,Cnt84,Insu117,11/4/2022,11/7/2022,3,Null,0
Rect998,St500,Cus722717,Prt1530,Sv01,Cnt142,Insu118,11/23/2022,11/26/2022,3,Null,0
Rect999,St476,Cus120524,Prt1531,Sv01,Cnt243,Insu119,9/28/2022,10/1/2022,3,Null,0
Rect11000,St533,Cus10021v,Prt1532,Sv03,Null,Insu1102,8/21/2016,8/29/2016,8,Chuyển khoản,120000
Rect11001,St533,Cus100250v,Prt1533,Sv03,Null,Insu1103,8/18/2016,8/26/2016,8,Chuyển khoản,120000
Rect11002,St503,Cus1004v,Prt1534,Sv03,Null,Insu1104,11/28/2017,12/6/2017,8,Chuyển khoản,120000
Rect11003,St538,Cus100785v,Prt1535,Sv03,Null,Insu1105,6/27/2016,7/5/2016,8,Tiền mặt,120000
Rect11004,St539,Cus101239v,Prt1536,Sv03,Null,Insu1106,6/13/2016,6/21/2016,8,Chuyển khoản,120000
Rect11005,St530,Cus101401v,Prt1537,Sv03,Null,Insu1107,11/16/2017,11/24/2017,8,Chuyển khoản,120000
Rect11006,St540,Cus101601v,Prt1538,Sv03,Null,Insu1108,12/15/2017,12/23/2017,8,Chuyển khoản,120000
Rect11007,St537,Cus101645v,Prt1539,Sv03,Null,Insu1109,5/22/2016,5/30/2016,8,Chuyển khoản,120000
Rect11008,St530,Cus102418v,Prt154,Sv03,Null,Insu1110,10/12/2016,10/20/2016,8,Tiền mặt,120000
Rect11009,St465,Cus10251v,Prt1540,Sv03,Null,Insu1111,6/22/2016,6/30/2016,8,Tiền mặt,120000
Rect11010,St539,Cus10288v,Prt1541,Sv03,Null,Insu1112,10/26/2016,11/3/2016,8,Tiền mặt,120000
Rect11011,St465,Cus103400v,Prt1542,Sv03,Null,Insu1113,10/5/2016,10/13/2016,8,Tiền mặt,120000
Rect11012,St482,Cus103490v,Prt1543,Sv03,Null,Insu1114,8/15/2016,8/23/2016,8,Tiền mặt,120000
Rect11013,St519,Cus104034v,Prt1544,Sv03,Null,Insu1115,1/20/2016,1/28/2016,8,Chuyển khoản,120000
Rect11014,St537,Cus104107v,Prt1545,Sv03,Null,Insu1116,10/22/2016,10/30/2016,8,Tiền mặt,120000
Rect11015,St460,Cus104370v,Prt1546,Sv03,Null,Insu1117,5/9/2016,5/17/2016,8,Chuyển khoản,120000
Rect11016,St457,Cus104462v,Prt1547,Sv03,Null,Insu1118,9/14/2016,9/22/2016,8,Chuyển khoản,120000
Rect11017,St540,Cus104515v,Prt1548,Sv03,Null,Insu1119,11/19/2016,11/27/2016,8,Chuyển khoản,120000
Rect11018,St491,Cus104516v,Prt1549,Sv03,Null,Insu1120,1/17/2017,1/25/2017,8,Chuyển khoản,120000
Rect11019,St460,Cus104587v,Prt155,Sv03,Null,Insu1121,3/11/2016,3/19/2016,8,Tiền mặt,120000
Rect11020,St533,Cus104595v,Prt1550,Sv03,Null,Insu1122,3/4/2017,3/12/2017,8,Chuyển khoản,120000
Rect11021,St493,Cus104747v,Prt1551,Sv03,Null,Insu1123,12/10/2017,12/18/2017,8,Chuyển khoản,120000
Rect11022,St540,Cus105484v,Prt1552,Sv03,Null,Insu1124,4/6/2016,4/14/2016,8,Chuyển khoản,120000
Rect11023,St539,Cus105605v,Prt1553,Sv03,Null,Insu1125,9/20/2016,9/28/2016,8,Chuyển khoản,120000
Rect11024,St491,Cus105768v,Prt1554,Sv03,Null,Insu1126,11/21/2016,11/29/2016,8,Tiền mặt,120000
Rect11025,St541,Cus105861v,Prt1555,Sv03,Null,Insu1127,12/19/2016,12/27/2016,8,Tiền mặt,120000
Rect11026,St457,Cus105888v,Prt1556,Sv03,Null,Insu1128,8/16/2016,8/24/2016,8,Tiền mặt,120000
Rect11027,St503,Cus106098v,Prt1557,Sv03,Null,Insu1129,12/15/2016,12/23/2016,8,Tiền mặt,120000
Rect11028,St537,Cus106491v,Prt1558,Sv03,Null,Insu1130,6/1/2017,6/9/2017,8,Tiền mặt,120000
Rect11029,St540,Cus106730v,Prt1559,Sv03,Null,Insu1131,7/21/2016,7/29/2016,8,Chuyển khoản,120000
Rect11030,St530,Cus107164v,Prt156,Sv03,Null,Insu1132,6/12/2016,6/20/2016,8,Tiền mặt,120000
Rect11031,St518,Cus107204v,Prt1560,Sv03,Null,Insu1133,4/2/2017,4/10/2017,8,Chuyển khoản,120000
Rect11032,St500,Cus107296v,Prt1561,Sv03,Null,Insu1134,8/5/2016,8/13/2016,8,Chuyển khoản,120000
Rect11033,St519,Cus107349v,Prt1562,Sv03,Null,Insu1135,2/13/2016,2/21/2016,8,Chuyển khoản,120000
Rect11034,St476,Cus107524v,Prt1563,Sv03,Null,Insu1136,3/4/2017,3/12/2017,8,Chuyển khoản,120000
Rect11035,St491,Cus10779v,Prt1564,Sv03,Null,Insu1137,2/4/2016,2/12/2016,8,Tiền mặt,120000
Rect11036,St491,Cus107892v,Prt1565,Sv03,Null,Insu1138,9/9/2017,9/17/2017,8,Chuyển khoản,120000
Rect11037,St466,Cus107951v,Prt1566,Sv03,Null,Insu1139,3/18/2016,3/26/2016,8,Chuyển khoản,120000
Rect11038,St491,Cus108513v,Prt1567,Sv03,Null,Insu1140,2/21/2017,3/1/2017,8,Chuyển khoản,120000
Rect11039,St539,Cus10865v,Prt1568,Sv03,Null,Insu1141,4/26/2016,5/4/2016,8,Chuyển khoản,120000
Rect11040,St476,Cus108804v,Prt1569,Sv03,Null,Insu1142,6/25/2016,7/3/2016,8,Tiền mặt,120000
Rect11041,St547,Cus108920v,Prt157,Sv03,Null,Insu1143,8/11/2017,8/19/2017,8,Tiền mặt,120000
Rect11042,St547,Cus109121v,Prt1570,Sv03,Null,Insu1144,9/3/2017,9/11/2017,8,Tiền mặt,120000
Rect11043,St538,Cus10916v,Prt1571,Sv03,Null,Insu1145,4/30/2017,5/8/2017,8,Tiền mặt,120000
Rect11044,St476,Cus109691v,Prt1572,Sv03,Null,Insu1146,5/4/2016,5/12/2016,8,Tiền mặt,120000
Rect11045,St500,Cus109737v,Prt1573,Sv03,Null,Insu1147,4/3/2016,4/11/2016,8,Chuyển khoản,120000
Rect11046,St458,Cus1099v,Prt1574,Sv03,Null,Insu1148,4/30/2016,5/8/2016,8,Tiền mặt,120000
Rect11047,St533,Cus110311v,Prt1575,Sv03,Null,Insu1149,11/19/2017,11/27/2017,8,Chuyển khoản,120000
Rect11048,St530,Cus110678v,Prt1576,Sv03,Null,Insu1150,5/3/2016,5/11/2016,8,Chuyển khoản,120000
Rect11049,St491,Cus110753v,Prt1577,Sv03,Null,Insu1151,4/19/2016,4/27/2016,8,Chuyển khoản,120000
Rect11050,St511,Cus110978v,Prt1578,Sv03,Null,Insu1152,1/23/2016,1/31/2016,8,Chuyển khoản,120000
Rect11051,St465,Cus111106v,Prt1579,Sv03,Null,Insu1153,1/4/2016,1/12/2016,8,Tiền mặt,120000
Rect11052,St476,Cus11205v,Prt158,Sv03,Null,Insu1154,1/23/2016,1/31/2016,8,Chuyển khoản,120000
Rect11053,St537,Cus112180v,Prt1580,Sv03,Null,Insu1155,7/14/2016,7/22/2016,8,Chuyển khoản,120000
Rect11054,St537,Cus112354v,Prt1581,Sv03,Null,Insu1156,8/14/2016,8/22/2016,8,Chuyển khoản,120000
Rect11055,St490,Cus112554v,Prt1582,Sv03,Null,Insu1157,5/30/2017,6/7/2017,8,Chuyển khoản,120000
Rect11056,St458,Cus112660v,Prt1583,Sv03,Null,Insu1158,4/24/2017,5/2/2017,8,Tiền mặt,120000
Rect11057,St547,Cus112778v,Prt1584,Sv03,Null,Insu1159,4/22/2016,4/30/2016,8,Tiền mặt,120000
Rect11058,St458,Cus112900v,Prt1585,Sv03,Null,Insu1160,10/8/2016,10/16/2016,8,Tiền mặt,120000
Rect11059,St466,Cus113204v,Prt1586,Sv03,Null,Insu1161,5/13/2017,5/21/2017,8,Tiền mặt,120000
Rect11060,St460,Cus113321v,Prt1587,Sv03,Null,Insu1162,9/28/2017,10/6/2017,8,Tiền mặt,120000
Rect11061,St500,Cus11393v,Prt1588,Sv03,Null,Insu1163,7/3/2016,7/11/2016,8,Chuyển khoản,120000
Rect11062,St538,Cus11395v,Prt1589,Sv03,Null,Insu1164,11/17/2016,11/25/2016,8,Tiền mặt,120000
Rect11063,St519,Cus11403v,Prt159,Sv03,Null,Insu1165,8/25/2017,9/2/2017,8,Chuyển khoản,120000
Rect11064,St491,Cus11437v,Prt1590,Sv03,Null,Insu1166,8/22/2017,8/30/2017,8,Chuyển khoản,120000
Rect11065,St457,Cus114546v,Prt1591,Sv03,Null,Insu1167,2/3/2016,2/11/2016,8,Chuyển khoản,120000
Rect11066,St530,Cus114583v,Prt1592,Sv03,Null,Insu1168,11/2/2016,11/10/2016,8,Chuyển khoản,120000
Rect11067,St493,Cus114664v,Prt1593,Sv03,Null,Insu1169,3/9/2017,3/17/2017,8,Tiền mặt,120000
Rect11068,St547,Cus114811v,Prt1594,Sv03,Null,Insu1170,8/7/2017,8/15/2017,8,Chuyển khoản,120000
Rect11069,St541,Cus115001v,Prt1595,Sv03,Null,Insu1171,1/29/2017,2/6/2017,8,Chuyển khoản,120000
Rect11070,St533,Cus115771v,Prt1596,Sv03,Null,Insu1172,7/18/2016,7/26/2016,8,Tiền mặt,120000
Rect11071,St519,Cus115910v,Prt1597,Sv03,Null,Insu1173,8/25/2017,9/2/2017,8,Chuyển khoản,120000
Rect11072,St500,Cus116316v,Prt1598,Sv03,Null,Insu1174,12/7/2017,12/15/2017,8,Chuyển khoản,120000
Rect11073,St457,Cus116515v,Prt1599,Sv03,Null,Insu1175,10/20/2016,10/28/2016,8,Chuyển khoản,120000
Rect11074,St547,Cus116897v,Prt16,Sv03,Null,Insu1176,6/27/2016,7/5/2016,8,Chuyển khoản,120000
Rect11075,St533,Cus11748v,Prt160,Sv03,Null,Insu1177,8/2/2017,8/10/2017,8,Tiền mặt,120000
Rect11076,St482,Cus117791v,Prt1600,Sv03,Null,Insu1178,11/17/2016,11/22/2016,5,Tiền mặt,120000
Rect11077,St530,Cus118244v,Prt1601,Sv03,Null,Insu1179,12/15/2016,12/20/2016,5,Chuyển khoản,120000
Rect11078,St469,Cus118254v,Prt1602,Sv03,Null,Insu1180,5/12/2016,5/17/2016,5,Tiền mặt,120000
Rect11079,St482,Cus118377v,Prt1603,Sv03,Null,Insu1181,2/8/2017,2/13/2017,5,Tiền mặt,120000
Rect11080,St469,Cus11838v,Prt1604,Sv03,Null,Insu1182,11/28/2016,12/3/2016,5,Chuyển khoản,120000
Rect11081,St476,Cus118675v,Prt1605,Sv03,Null,Insu1183,8/3/2016,8/8/2016,5,Chuyển khoản,120000
Rect11082,St457,Cus119250v,Prt1606,Sv03,Null,Insu1184,12/8/2017,12/13/2017,5,Tiền mặt,120000
Rect11083,St537,Cus119301v,Prt1607,Sv03,Null,Insu1185,5/5/2017,5/10/2017,5,Chuyển khoản,120000
Rect11084,St469,Cus119495v,Prt1608,Sv03,Null,Insu1186,1/3/2017,1/8/2017,5,Chuyển khoản,120000
Rect11085,St541,Cus119835v,Prt1609,Sv03,Null,Insu1187,5/7/2017,5/12/2017,5,Tiền mặt,120000
Rect11086,St518,Cus120387v,Prt161,Sv03,Null,Insu1188,2/16/2016,2/21/2016,5,Chuyển khoản,120000
Rect11087,St491,Cus12040v,Prt1610,Sv03,Null,Insu1189,9/17/2017,9/22/2017,5,Tiền mặt,120000
Rect11088,St519,Cus120641v,Prt1611,Sv03,Null,Insu1190,6/7/2016,6/12/2016,5,Chuyển khoản,120000
Rect11089,St518,Cus120671v,Prt1612,Sv03,Null,Insu1191,3/25/2017,3/30/2017,5,Chuyển khoản,120000
Rect11090,St468,Cus12101v,Prt1613,Sv03,Null,Insu1192,3/16/2017,3/21/2017,5,Chuyển khoản,120000
Rect11091,St540,Cus121161v,Prt1614,Sv03,Null,Insu1193,1/13/2017,1/18/2017,5,Chuyển khoản,120000
Rect11092,St493,Cus121591v,Prt1615,Sv03,Null,Insu1194,7/18/2016,7/23/2016,5,Chuyển khoản,120000
Rect11093,St539,Cus122263v,Prt1616,Sv03,Null,Insu1195,4/11/2017,4/16/2017,5,Tiền mặt,120000
Rect11094,St460,Cus122881v,Prt1617,Sv03,Null,Insu1196,11/27/2016,12/2/2016,5,Tiền mặt,120000
Rect11095,St493,Cus123094v,Prt1618,Sv03,Null,Insu1197,5/18/2017,5/23/2017,5,Chuyển khoản,120000
Rect11096,St510,Cus123728v,Prt1619,Sv03,Null,Insu1198,10/20/2017,10/25/2017,5,Chuyển khoản,120000
Rect11097,St457,Cus123935v,Prt162,Sv03,Null,Insu1199,6/5/2016,6/10/2016,5,Chuyển khoản,120000
Rect11098,St457,Cus123937v,Prt1620,Sv03,Null,Insu1200,9/9/2016,9/14/2016,5,Chuyển khoản,120000
Rect11099,St476,Cus124059v,Prt1621,Sv03,Null,Insu1201,6/15/2017,6/20/2017,5,Tiền mặt,120000
Rect11100,St510,Cus124068v,Prt1622,Sv03,Null,Insu1202,9/19/2017,9/24/2017,5,Tiền mặt,120000
Rect11101,St469,Cus124331v,Prt1623,Sv03,Null,Insu1203,8/2/2017,8/7/2017,5,Chuyển khoản,120000
Rect11102,St547,Cus12442v,Prt1624,Sv03,Null,Insu1204,12/7/2016,12/12/2016,5,Chuyển khoản,120000
Rect11103,St518,Cus124454v,Prt1625,Sv03,Null,Insu1205,7/9/2016,7/14/2016,5,Tiền mặt,120000
Rect11104,St460,Cus124756v,Prt1626,Sv03,Null,Insu1206,2/19/2017,2/24/2017,5,Chuyển khoản,120000
Rect11105,St540,Cus124766v,Prt1627,Sv03,Null,Insu1207,2/1/2017,2/6/2017,5,Tiền mặt,120000
Rect11106,St457,Cus125027v,Prt1628,Sv03,Null,Insu1208,10/23/2017,10/28/2017,5,Tiền mặt,120000
Rect11107,St457,Cus125257v,Prt1629,Sv03,Null,Insu1209,5/4/2016,5/9/2016,5,Chuyển khoản,120000
Rect11108,St490,Cus125325v,Prt163,Sv03,Null,Insu1210,3/25/2016,3/30/2016,5,Chuyển khoản,120000
Rect11109,St503,Cus125536v,Prt1630,Sv03,Null,Insu1211,2/28/2017,3/5/2017,5,Tiền mặt,120000
Rect11110,St511,Cus125841v,Prt1631,Sv03,Null,Insu1212,1/26/2017,1/31/2017,5,Chuyển khoản,120000
Rect11111,St518,Cus126314v,Prt1632,Sv03,Null,Insu1213,2/9/2017,2/14/2017,5,Tiền mặt,120000
Rect11112,St457,Cus126937v,Prt1633,Sv03,Null,Insu1214,8/17/2017,8/22/2017,5,Chuyển khoản,120000
Rect11113,St469,Cus127013v,Prt1634,Sv03,Null,Insu1215,10/21/2016,10/26/2016,5,Chuyển khoản,120000
Rect11114,St539,Cus127071v,Prt1635,Sv03,Null,Insu1216,3/29/2017,4/3/2017,5,Chuyển khoản,120000
Rect11115,St547,Cus127464v,Prt1636,Sv03,Null,Insu1217,6/7/2016,6/12/2016,5,Tiền mặt,120000
Rect11116,St482,Cus127721v,Prt1637,Sv03,Null,Insu1218,5/24/2016,5/29/2016,5,Tiền mặt,120000
Rect11117,St537,Cus128205v,Prt1638,Sv03,Null,Insu1219,1/7/2016,1/12/2016,5,Chuyển khoản,120000
Rect11118,St469,Cus12856v,Prt1639,Sv03,Null,Insu1220,3/4/2016,3/9/2016,5,Tiền mặt,120000
Rect11119,St537,Cus128751v,Prt164,Sv03,Null,Insu1221,3/1/2016,3/6/2016,5,Tiền mặt,120000
Rect11120,St493,Cus129119v,Prt1640,Sv03,Null,Insu1222,8/30/2016,9/4/2016,5,Chuyển khoản,120000
Rect11121,St519,Cus129562v,Prt1641,Sv03,Null,Insu1223,12/18/2016,12/23/2016,5,Chuyển khoản,120000
Rect11122,St490,Cus129662v,Prt1642,Sv03,Null,Insu1224,8/30/2016,9/4/2016,5,Chuyển khoản,120000
Rect11123,St518,Cus129741v,Prt1643,Sv03,Null,Insu1225,4/15/2017,4/20/2017,5,Chuyển khoản,120000
Rect11124,St457,Cus129914v,Prt1644,Sv03,Null,Insu1226,10/14/2016,10/19/2016,5,Tiền mặt,120000
Rect11125,St510,Cus12992v,Prt1645,Sv03,Null,Insu1227,9/1/2016,9/6/2016,5,Chuyển khoản,120000
Rect11126,St510,Cus130207v,Prt1646,Sv03,Null,Insu1228,3/12/2016,3/17/2016,5,Chuyển khoản,120000
Rect11127,St540,Cus130940v,Prt1647,Sv03,Null,Insu1229,2/11/2016,2/16/2016,5,Tiền mặt,120000
Rect11128,St510,Cus130998v,Prt1648,Sv03,Null,Insu1230,4/19/2017,4/24/2017,5,Chuyển khoản,120000
Rect11129,St490,Cus131156v,Prt1649,Sv03,Null,Insu1231,6/7/2016,6/12/2016,5,Chuyển khoản,120000
Rect11130,St493,Cus131164v,Prt165,Sv03,Null,Insu1232,5/31/2016,6/5/2016,5,Tiền mặt,120000
Rect11131,St458,Cus131223v,Prt1650,Sv03,Null,Insu1233,7/19/2016,7/24/2016,5,Tiền mặt,120000
Rect11132,St469,Cus131243v,Prt1651,Sv03,Null,Insu1234,9/14/2016,9/19/2016,5,Chuyển khoản,120000
Rect11133,St468,Cus131304v,Prt1652,Sv03,Null,Insu1235,3/25/2016,3/30/2016,5,Tiền mặt,120000
Rect11134,St468,Cus131383v,Prt1653,Sv03,Null,Insu1236,10/11/2017,10/16/2017,5,Chuyển khoản,120000
Rect11135,St519,Cus131450v,Prt1654,Sv03,Null,Insu1237,11/21/2017,11/26/2017,5,Chuyển khoản,120000
Rect11136,St457,Cus131714v,Prt1655,Sv03,Null,Insu1238,5/30/2017,6/4/2017,5,Chuyển khoản,120000
Rect11137,St458,Cus131863v,Prt1656,Sv03,Null,Insu1239,8/31/2017,9/5/2017,5,Tiền mặt,120000
Rect11138,St482,Cus132918v,Prt1657,Sv03,Null,Insu1240,2/3/2016,2/8/2016,5,Tiền mặt,120000
Rect11139,St511,Cus133114v,Prt1658,Sv03,Null,Insu1241,4/29/2016,5/4/2016,5,Tiền mặt,120000
Rect11140,St547,Cus133127v,Prt1659,Sv03,Null,Insu1242,3/20/2016,3/25/2016,5,Chuyển khoản,120000
Rect11141,St490,Cus133348v,Prt166,Sv03,Null,Insu1243,3/2/2017,3/7/2017,5,Chuyển khoản,120000
Rect11142,St518,Cus133822v,Prt1660,Sv03,Null,Insu1244,7/27/2016,8/1/2016,5,Tiền mặt,120000
Rect11143,St537,Cus133895v,Prt1661,Sv03,Null,Insu1245,6/30/2016,7/5/2016,5,Tiền mặt,120000
Rect11144,St493,Cus134011v,Prt1662,Sv03,Null,Insu1246,7/2/2016,7/7/2016,5,Tiền mặt,120000
Rect11145,St491,Cus134317v,Prt1663,Sv03,Null,Insu1247,6/28/2017,7/3/2017,5,Chuyển khoản,120000
Rect11146,St468,Cus13441v,Prt1664,Sv03,Null,Insu1248,5/1/2017,5/6/2017,5,Chuyển khoản,120000
Rect11147,St491,Cus134508v,Prt1665,Sv03,Null,Insu1249,8/25/2017,8/30/2017,5,Chuyển khoản,120000
Rect11148,St541,Cus134727v,Prt1666,Sv03,Null,Insu1250,7/18/2016,7/23/2016,5,Tiền mặt,120000
Rect11149,St503,Cus135122v,Prt1667,Sv03,Null,Insu1251,11/5/2017,11/10/2017,5,Tiền mặt,120000
Rect11150,St539,Cus135631v,Prt1668,Sv03,Null,Insu1252,12/19/2016,12/24/2016,5,Tiền mặt,120000
Rect11151,St530,Cus135642v,Prt1669,Sv03,Null,Insu1253,9/8/2017,9/13/2017,5,Chuyển khoản,120000
Rect11152,St519,Cus135830v,Prt167,Sv03,Null,Insu1254,3/3/2017,3/8/2017,5,Chuyển khoản,120000
Rect11153,St519,Cus135939v,Prt1670,Sv03,Null,Insu1255,4/1/2017,4/6/2017,5,Chuyển khoản,120000
Rect11154,St539,Cus136653v,Prt1671,Sv03,Null,Insu1256,8/15/2016,8/20/2016,5,Tiền mặt,120000
Rect11155,St538,Cus136780v,Prt1672,Sv03,Null,Insu1257,1/6/2017,1/11/2017,5,Chuyển khoản,120000
Rect11156,St537,Cus13705v,Prt1673,Sv03,Null,Insu1258,1/7/2016,1/12/2016,5,Chuyển khoản,120000
Rect11157,St503,Cus137330v,Prt1674,Sv03,Null,Insu1259,11/3/2017,11/8/2017,5,Tiền mặt,120000
Rect11158,St511,Cus137471v,Prt1675,Sv03,Null,Insu1260,6/25/2017,6/30/2017,5,Chuyển khoản,120000
Rect11159,St518,Cus137821v,Prt1676,Sv03,Null,Insu1261,12/15/2017,12/20/2017,5,Tiền mặt,120000
Rect11160,St540,Cus138278v,Prt1677,Sv03,Null,Insu1262,1/23/2016,1/28/2016,5,Tiền mặt,120000
Rect11161,St482,Cus138414v,Prt1678,Sv03,Null,Insu1263,7/9/2016,7/14/2016,5,Tiền mặt,120000
Rect11162,St460,Cus138735v,Prt1679,Sv03,Null,Insu1264,7/23/2016,7/28/2016,5,Tiền mặt,120000
Rect11163,St493,Cus139573v,Prt168,Sv03,Null,Insu1265,5/14/2017,5/19/2017,5,Tiền mặt,120000
Rect11164,St518,Cus139575v,Prt1680,Sv03,Null,Insu1266,7/9/2017,7/14/2017,5,Tiền mặt,120000
Rect11165,St519,Cus139941v,Prt1681,Sv03,Null,Insu1267,1/17/2016,1/22/2016,5,Chuyển khoản,120000
Rect11166,St537,Cus140115v,Prt1682,Sv03,Null,Insu1268,6/23/2016,6/28/2016,5,Tiền mặt,120000
Rect11167,St500,Cus140335v,Prt1683,Sv03,Null,Insu1269,10/12/2017,10/17/2017,5,Chuyển khoản,120000
Rect11168,St490,Cus140361v,Prt1684,Sv03,Null,Insu1270,7/20/2016,7/25/2016,5,Chuyển khoản,120000
Rect11169,St533,Cus1405v,Prt1685,Sv03,Null,Insu1271,4/6/2016,4/11/2016,5,Chuyển khoản,120000
Rect11170,St539,Cus14064v,Prt1686,Sv03,Null,Insu1272,11/28/2016,12/3/2016,5,Tiền mặt,120000
Rect11171,St460,Cus140703v,Prt1687,Sv03,Null,Insu1273,11/25/2016,11/30/2016,5,Chuyển khoản,120000
Rect11172,St490,Cus140708v,Prt1688,Sv03,Null,Insu1274,4/2/2016,4/7/2016,5,Chuyển khoản,120000
Rect11173,St519,Cus141094v,Prt1689,Sv03,Null,Insu1275,8/22/2016,8/27/2016,5,Tiền mặt,120000
Rect11174,St547,Cus141420v,Prt169,Sv03,Null,Insu1276,8/16/2016,8/21/2016,5,Tiền mặt,120000
Rect11175,St538,Cus141513v,Prt1690,Sv03,Null,Insu1277,8/21/2017,8/26/2017,5,Chuyển khoản,120000
Rect11176,St465,Cus142234v,Prt1691,Sv03,Null,Insu1278,8/6/2016,8/11/2016,5,Chuyển khoản,120000
Rect11177,St490,Cus142470v,Prt1692,Sv03,Null,Insu1279,3/24/2017,3/29/2017,5,Chuyển khoản,120000
Rect11178,St469,Cus142614v,Prt1693,Sv03,Null,Insu1280,2/2/2017,2/7/2017,5,Chuyển khoản,120000
Rect11179,St533,Cus142834v,Prt1694,Sv03,Null,Insu1281,5/28/2016,6/2/2016,5,Chuyển khoản,120000
Rect11180,St493,Cus143167v,Prt1695,Sv03,Null,Insu1282,10/28/2017,11/2/2017,5,Tiền mặt,120000
Rect11181,St503,Cus143172v,Prt1696,Sv03,Null,Insu1283,3/27/2017,4/1/2017,5,Tiền mặt,120000
Rect11182,St476,Cus143182v,Prt1697,Sv03,Null,Insu1284,5/24/2016,5/29/2016,5,Chuyển khoản,120000
Rect11183,St503,Cus143221v,Prt1698,Sv03,Null,Insu1285,7/20/2016,7/25/2016,5,Chuyển khoản,120000
Rect11184,St538,Cus143303v,Prt1699,Sv03,Null,Insu1286,1/7/2016,1/12/2016,5,Tiền mặt,120000
Rect11185,St510,Cus143676v,Prt17,Sv03,Null,Insu1287,4/23/2016,4/28/2016,5,Chuyển khoản,120000
Rect11186,St538,Cus143745v,Prt170,Sv03,Null,Insu1288,2/19/2017,2/24/2017,5,Chuyển khoản,120000
Rect11187,St500,Cus143818v,Prt1700,Sv03,Null,Insu1289,1/11/2017,1/16/2017,5,Tiền mặt,120000
Rect11188,St468,Cus143856v,Prt1701,Sv03,Null,Insu1290,5/3/2016,5/8/2016,5,Chuyển khoản,120000
Rect11189,St511,Cus14410v,Prt1702,Sv03,Null,Insu1291,11/16/2016,11/21/2016,5,Tiền mặt,120000
Rect11190,St493,Cus144364v,Prt1703,Sv03,Null,Insu1292,10/18/2016,10/23/2016,5,Tiền mặt,120000
Rect11191,St519,Cus144812v,Prt1704,Sv03,Null,Insu1293,5/30/2017,6/4/2017,5,Chuyển khoản,120000
Rect11192,St460,Cus145566v,Prt1705,Sv03,Null,Insu1294,11/4/2016,11/9/2016,5,Chuyển khoản,120000
Rect11193,St500,Cus146096v,Prt1706,Sv03,Null,Insu1295,10/28/2017,11/2/2017,5,Chuyển khoản,120000
Rect11194,St537,Cus146477v,Prt1707,Sv03,Null,Insu1296,10/11/2017,10/16/2017,5,Tiền mặt,120000
Rect11195,St519,Cus147320v,Prt1708,Sv03,Null,Insu1297,2/19/2017,2/24/2017,5,Chuyển khoản,120000
Rect11196,St466,Cus147348v,Prt1709,Sv03,Null,Insu1298,2/20/2016,2/25/2016,5,Tiền mặt,120000
Rect11197,St510,Cus147409v,Prt171,Sv03,Null,Insu1299,9/7/2017,9/12/2017,5,Tiền mặt,120000
Rect11198,St530,Cus147421v,Prt1710,Sv03,Null,Insu1300,1/15/2016,1/20/2016,5,Tiền mặt,120000
Rect11199,St530,Cus147871v,Prt1711,Sv03,Null,Insu1301,9/6/2017,9/11/2017,5,Tiền mặt,120000
Rect11200,St530,Cus148035v,Prt1712,Sv03,Null,Insu1302,1/23/2017,1/28/2017,5,Tiền mặt,120000
Rect11201,St468,Cus148129v,Prt1713,Sv03,Null,Insu1303,12/26/2016,12/31/2016,5,Chuyển khoản,120000
Rect11202,St519,Cus148417v,Prt1714,Sv03,Null,Insu1304,6/20/2016,6/25/2016,5,Tiền mặt,120000
Rect11203,St500,Cus148507v,Prt1715,Sv03,Null,Insu1305,6/20/2016,6/25/2016,5,Chuyển khoản,120000
Rect11204,St490,Cus149202v,Prt1716,Sv03,Null,Insu1306,3/15/2017,3/20/2017,5,Tiền mặt,120000
Rect11205,St503,Cus149401v,Prt1717,Sv03,Null,Insu1307,9/18/2017,9/23/2017,5,Chuyển khoản,120000
Rect11206,St538,Cus14959v,Prt1718,Sv03,Null,Insu1308,8/15/2016,8/20/2016,5,Tiền mặt,120000
Rect11207,St503,Cus149639v,Prt1719,Sv03,Null,Insu1309,6/26/2017,7/1/2017,5,Tiền mặt,120000
Rect11208,St460,Cus149893v,Prt172,Sv03,Null,Insu1310,4/26/2016,5/1/2016,5,Tiền mặt,120000
Rect11209,St510,Cus149984v,Prt1720,Sv03,Null,Insu1311,10/7/2017,10/12/2017,5,Tiền mặt,120000
Rect11210,St457,Cus150063v,Prt1721,Sv03,Null,Insu1312,2/19/2016,2/24/2016,5,Tiền mặt,120000
Rect11211,St482,Cus150115v,Prt1722,Sv03,Null,Insu1313,9/3/2017,9/8/2017,5,Chuyển khoản,120000
Rect11212,St538,Cus150192v,Prt1723,Sv03,Null,Insu1314,8/1/2016,8/6/2016,5,Chuyển khoản,120000
Rect11213,St491,Cus150235v,Prt1724,Sv03,Null,Insu1315,2/4/2016,2/9/2016,5,Tiền mặt,120000
Rect11214,St457,Cus150408v,Prt1725,Sv03,Null,Insu1316,11/29/2016,12/4/2016,5,Tiền mặt,120000
Rect11215,St491,Cus150411v,Prt1726,Sv03,Null,Insu1317,3/25/2016,3/30/2016,5,Chuyển khoản,120000
Rect11216,St476,Cus150463v,Prt1727,Sv03,Null,Insu1318,2/5/2016,2/10/2016,5,Chuyển khoản,120000
Rect11217,St490,Cus15092v,Prt1728,Sv03,Null,Insu1319,4/26/2016,4/30/2016,4,Chuyển khoản,120000
Rect11218,St458,Cus151294v,Prt1729,Sv03,Null,Insu1320,3/10/2017,3/14/2017,4,Tiền mặt,120000
Rect11219,St541,Cus151330v,Prt173,Sv03,Null,Insu1321,10/13/2016,10/17/2016,4,Tiền mặt,120000
Rect11220,St482,Cus15154v,Prt1730,Sv03,Null,Insu1322,10/12/2017,10/16/2017,4,Chuyển khoản,120000
Rect11221,St547,Cus152180v,Prt1731,Sv03,Null,Insu1323,7/5/2017,7/9/2017,4,Chuyển khoản,120000
Rect11222,St503,Cus152427v,Prt1732,Sv03,Null,Insu1324,4/29/2016,5/3/2016,4,Chuyển khoản,120000
Rect11223,St457,Cus152458v,Prt1733,Sv03,Null,Insu1325,5/17/2016,5/21/2016,4,Chuyển khoản,120000
Rect11224,St533,Cus152899v,Prt1734,Sv03,Null,Insu1326,8/2/2017,8/6/2017,4,Tiền mặt,120000
Rect11225,St538,Cus152925v,Prt1735,Sv03,Null,Insu1327,4/29/2016,5/3/2016,4,Tiền mặt,120000
Rect11226,St460,Cus153004v,Prt1736,Sv03,Null,Insu1328,2/11/2016,2/15/2016,4,Chuyển khoản,120000
Rect11227,St466,Cus153228v,Prt1737,Sv03,Null,Insu1329,11/7/2017,11/11/2017,4,Tiền mặt,120000
Rect11228,St511,Cus153551v,Prt1738,Sv03,Null,Insu1330,7/21/2016,7/25/2016,4,Tiền mặt,120000
Rect11229,St547,Cus153615v,Prt1739,Sv03,Null,Insu1331,5/16/2016,5/20/2016,4,Chuyển khoản,120000
Rect11230,St491,Cus153696v,Prt174,Sv03,Null,Insu1332,5/26/2017,5/30/2017,4,Chuyển khoản,120000
Rect11231,St476,Cus153721v,Prt1740,Sv03,Null,Insu1333,4/17/2017,4/21/2017,4,Chuyển khoản,120000
Rect11232,St460,Cus15385v,Prt1741,Sv03,Null,Insu1334,7/2/2016,7/6/2016,4,Tiền mặt,120000
Rect11233,St491,Cus153877v,Prt1742,Sv02,Cnt211,Insu1335,12/16/2016,12/20/2016,4,Chuyển khoản,1610000
Rect11234,St458,Cus154350v,Prt1743,Sv02,Cnt212,Insu1336,6/17/2016,6/21/2016,4,Chuyển khoản,1160000
Rect11235,St540,Cus15445v,Prt1744,Sv02,Cnt213,Insu1337,7/2/2017,7/6/2017,4,Chuyển khoản,650000
Rect11236,St490,Cus154496v,Prt1745,Sv02,Cnt214,Insu1338,5/27/2017,5/31/2017,4,Tiền mặt,2030000
Rect11237,St541,Cus15455v,Prt1746,Sv02,Cnt215,Insu1339,5/12/2016,5/16/2016,4,Chuyển khoản,1550000
Rect11238,St482,Cus154664v,Prt1747,Sv02,Cnt216,Insu1340,1/23/2017,1/27/2017,4,Tiền mặt,1980000
Rect11239,St460,Cus154665v,Prt1748,Sv02,Cnt217,Insu1341,7/28/2016,8/1/2016,4,Tiền mặt,2880000
Rect11240,St503,Cus154807v,Prt1749,Sv02,Cnt218,Insu1342,8/28/2016,9/1/2016,4,Tiền mặt,1660000
Rect11241,St519,Cus154867v,Prt175,Sv02,Cnt219,Insu1343,4/4/2017,4/8/2017,4,Tiền mặt,1720000
Rect11242,St491,Cus155217v,Prt1750,Sv02,Cnt22,Insu1344,2/21/2016,2/25/2016,4,Chuyển khoản,670000
Rect11243,St547,Cus155665v,Prt1751,Sv02,Cnt220,Insu1345,5/22/2016,5/26/2016,4,Tiền mặt,2590000
Rect11244,St547,Cus155708v,Prt1752,Sv02,Cnt221,Insu1346,4/6/2016,4/10/2016,4,Chuyển khoản,490000
Rect11245,St466,Cus155958v,Prt1753,Sv02,Cnt222,Insu1347,4/5/2016,4/9/2016,4,Chuyển khoản,700000
Rect11246,St511,Cus156452v,Prt1754,Sv02,Cnt223,Insu1348,10/14/2017,10/18/2017,4,Tiền mặt,890000
Rect11247,St469,Cus156481v,Prt1755,Sv02,Cnt224,Insu1349,8/14/2016,8/18/2016,4,Chuyển khoản,2060000
Rect11248,St493,Cus156632v,Prt1756,Sv02,Cnt225,Insu1350,1/1/2016,1/5/2016,4,Tiền mặt,2080000
Rect11249,St460,Cus15677v,Prt1757,Sv02,Cnt226,Insu1351,9/6/2017,9/10/2017,4,Tiền mặt,2690000
Rect11250,St490,Cus156845v,Prt1758,Sv02,Cnt227,Insu1352,8/18/2016,8/22/2016,4,Chuyển khoản,2870000
Rect11251,St538,Cus157061v,Prt1759,Sv02,Cnt228,Insu1353,10/1/2016,10/5/2016,4,Tiền mặt,2850000
Rect11252,St476,Cus157170v,Prt176,Sv02,Cnt229,Insu1354,12/12/2017,12/16/2017,4,Chuyển khoản,1220000
Rect11253,St511,Cus157316v,Prt1760,Sv02,Cnt23,Insu1355,3/5/2016,3/9/2016,4,Tiền mặt,1330000
Rect11254,St490,Cus157483v,Prt1761,Sv02,Cnt230,Insu1356,5/25/2016,5/29/2016,4,Tiền mặt,920000
Rect11255,St510,Cus157527v,Prt1762,Sv02,Cnt231,Insu1357,8/12/2017,8/16/2017,4,Chuyển khoản,1990000
Rect11256,St503,Cus15798v,Prt1763,Sv02,Cnt232,Insu1358,12/28/2016,1/1/2017,4,Chuyển khoản,2950000
Rect11257,St500,Cus158832v,Prt1764,Sv02,Cnt233,Insu1359,2/10/2017,2/14/2017,4,Chuyển khoản,2390000
Rect11258,St533,Cus159528v,Prt1765,Sv02,Cnt234,Insu1360,1/24/2017,1/28/2017,4,Tiền mặt,1950000
Rect11259,St518,Cus159612v,Prt1766,Sv02,Cnt235,Insu1361,1/20/2017,1/24/2017,4,Chuyển khoản,1560000
Rect11260,St547,Cus159645v,Prt1767,Sv02,Cnt236,Insu1362,6/17/2017,6/21/2017,4,Chuyển khoản,1830000
Rect11261,St500,Cus160369v,Prt1768,Sv02,Cnt237,Insu1363,3/6/2017,3/10/2017,4,Tiền mặt,2450000
Rect11262,St539,Cus16117v,Prt1769,Sv02,Cnt238,Insu1364,6/2/2016,6/6/2016,4,Tiền mặt,1950000
Rect11263,St541,Cus161242v,Prt177,Sv02,Cnt239,Insu1365,7/19/2016,7/23/2016,4,Tiền mặt,2720000
Rect11264,St539,Cus161337v,Prt1770,Sv02,Cnt24,Insu1366,3/16/2016,3/20/2016,4,Tiền mặt,980000
Rect11265,St457,Cus161505v,Prt1771,Sv02,Cnt240,Insu1367,5/11/2016,5/15/2016,4,Chuyển khoản,1090000
Rect11266,St518,Cus161587v,Prt1772,Sv02,Cnt241,Insu1368,3/3/2016,3/7/2016,4,Chuyển khoản,2320000
Rect11267,St465,Cus161689v,Prt1773,Sv02,Cnt242,Insu1369,11/12/2017,11/16/2017,4,Tiền mặt,1970000
Rect11268,St469,Cus161786v,Prt1774,Sv02,Cnt243,Insu1370,8/18/2017,8/22/2017,4,Chuyển khoản,710000
Rect11269,St541,Cus161909v,Prt1775,Sv02,Cnt244,Insu1371,5/14/2017,5/18/2017,4,Tiền mặt,2950000
Rect11270,St466,Cus162625v,Prt1776,Sv02,Cnt245,Insu1372,1/12/2016,1/16/2016,4,Chuyển khoản,870000
Rect11271,St493,Cus162947v,Prt1777,Sv02,Cnt246,Insu1373,11/11/2016,11/15/2016,4,Chuyển khoản,2550000
Rect11272,St511,Cus163108v,Prt1778,Sv02,Cnt247,Insu1374,10/20/2016,10/24/2016,4,Tiền mặt,470000
Rect11273,St482,Cus163109v,Prt1779,Sv02,Cnt248,Insu1375,5/16/2016,5/20/2016,4,Chuyển khoản,1040000
Rect11274,St469,Cus163198v,Prt178,Sv02,Cnt249,Insu1376,10/25/2016,10/29/2016,4,Chuyển khoản,1790000
Rect11275,St538,Cus163322v,Prt1780,Sv02,Cnt25,Insu1377,11/9/2016,11/13/2016,4,Tiền mặt,1460000
Rect11276,St530,Cus163415v,Prt1781,Sv02,Cnt250,Insu1378,1/3/2016,1/7/2016,4,Tiền mặt,1160000
Rect11277,St460,Cus163431v,Prt1782,Sv02,Cnt251,Insu1379,6/3/2016,6/7/2016,4,Chuyển khoản,2040000
Rect11278,St503,Cus163449v,Prt1783,Sv02,Cnt252,Insu1380,10/23/2016,10/27/2016,4,Chuyển khoản,530000
Rect11279,St460,Cus163502v,Prt1784,Sv02,Cnt253,Insu1381,9/12/2017,9/16/2017,4,Chuyển khoản,830000
Rect11280,St503,Cus163680v,Prt1785,Sv02,Cnt254,Insu1382,1/31/2017,2/4/2017,4,Tiền mặt,1310000
Rect11281,St510,Cus164087v,Prt1786,Sv02,Cnt255,Insu1383,9/15/2017,9/18/2017,3,Tiền mặt,730000
Rect11282,St460,Cus164122v,Prt1787,Sv02,Cnt256,Insu1384,1/9/2016,1/12/2016,3,Chuyển khoản,1310000
Rect11283,St491,Cus164645v,Prt1788,Sv02,Cnt257,Insu1385,5/8/2017,5/11/2017,3,Tiền mặt,1220000
Rect11284,St533,Cus16481v,Prt1789,Sv02,Cnt258,Insu1386,9/21/2016,9/24/2016,3,Tiền mặt,950000
Rect11285,St476,Cus16611v,Prt179,Sv02,Cnt259,Insu1387,2/2/2016,2/5/2016,3,Chuyển khoản,1040000
Rect11286,St458,Cus166137v,Prt1790,Sv02,Cnt26,Insu1388,12/15/2016,12/18/2016,3,Chuyển khoản,820000
Rect11287,St539,Cus166431v,Prt1791,Sv02,Cnt260,Insu1389,2/3/2016,2/6/2016,3,Chuyển khoản,2070000
Rect11288,St476,Cus166744v,Prt1792,Sv02,Cnt261,Insu1390,2/16/2016,2/19/2016,3,Tiền mặt,1650000
Rect11289,St490,Cus166811v,Prt1793,Sv02,Cnt262,Insu1391,12/7/2016,12/10/2016,3,Chuyển khoản,990000
Rect11290,St539,Cus167233v,Prt1794,Sv02,Cnt263,Insu1392,2/11/2016,2/14/2016,3,Chuyển khoản,2730000
Rect11291,St511,Cus167535v,Prt1795,Sv02,Cnt264,Insu1393,2/27/2017,3/2/2017,3,Tiền mặt,1340000
Rect11292,St491,Cus167557v,Prt1796,Sv02,Cnt265,Insu1394,6/5/2017,6/8/2017,3,Tiền mặt,800000
Rect11293,St465,Cus167625v,Prt1797,Sv02,Cnt266,Insu1395,1/18/2017,1/21/2017,3,Tiền mặt,2190000
Rect11294,St476,Cus16763v,Prt1798,Sv02,Cnt267,Insu1396,4/23/2017,4/26/2017,3,Tiền mặt,580000
Rect11295,St518,Cus167701v,Prt1799,Sv02,Cnt268,Insu1397,1/25/2016,1/28/2016,3,Chuyển khoản,1350000
Rect11296,St457,Cus168114v,Prt18,Sv02,Cnt269,Insu1398,10/3/2017,10/6/2017,3,Chuyển khoản,1910000
Rect11297,St500,Cus168263v,Prt180,Sv02,Cnt27,Insu1399,9/18/2016,9/21/2016,3,Tiền mặt,470000
Rect11298,St476,Cus168393v,Prt1800,Sv02,Cnt270,Insu1400,8/11/2016,8/14/2016,3,Chuyển khoản,640000
Rect11299,St457,Cus169711v,Prt1801,Sv02,Cnt271,Insu1401,6/25/2016,7/2/2016,7,Tiền mặt,1040000
Rect11300,St540,Cus169786v,Prt1802,Sv02,Cnt272,Insu1402,9/28/2016,10/5/2016,7,Chuyển khoản,2530000
Rect11301,St491,Cus169962v,Prt1803,Sv02,Cnt170,Insu1403,7/7/2017,7/14/2017,7,Chuyển khoản,2290000
Rect11302,St460,Cus170149v,Prt1804,Sv02,Cnt171,Insu1404,7/5/2016,7/12/2016,7,Tiền mặt,2310000
Rect11303,St533,Cus170179v,Prt1805,Sv02,Cnt172,Insu1405,9/18/2016,9/25/2016,7,Chuyển khoản,1290000
Rect11304,St493,Cus170339v,Prt1806,Sv02,Cnt173,Insu1406,7/16/2016,7/23/2016,7,Chuyển khoản,2370000
Rect11305,St540,Cus170964v,Prt1807,Sv02,Cnt174,Insu1407,8/8/2016,8/15/2016,7,Tiền mặt,780000
Rect11306,St539,Cus170999v,Prt1808,Sv02,Cnt175,Insu1408,11/3/2017,11/10/2017,7,Tiền mặt,1310000
Rect11307,St491,Cus171211v,Prt1809,Sv02,Cnt176,Insu1409,9/2/2017,9/9/2017,7,Chuyển khoản,1930000
Rect11308,St541,Cus171523v,Prt181,Sv02,Cnt177,Insu1410,2/26/2017,3/5/2017,7,Chuyển khoản,1200000
Rect11309,St457,Cus171623v,Prt1810,Sv02,Cnt178,Insu1411,4/30/2017,5/7/2017,7,Chuyển khoản,970000
Rect11310,St503,Cus171651v,Prt1811,Sv02,Cnt179,Insu1412,9/4/2017,9/11/2017,7,Chuyển khoản,850000
Rect11311,St537,Cus171966v,Prt1812,Sv02,Cnt18,Insu1413,6/19/2016,6/26/2016,7,Tiền mặt,620000
Rect11312,St540,Cus17214v,Prt1813,Sv02,Cnt180,Insu1414,6/7/2017,6/14/2017,7,Tiền mặt,1710000
Rect11313,St530,Cus172170v,Prt1814,Sv02,Cnt181,Insu1415,6/27/2017,7/4/2017,7,Chuyển khoản,1360000
Rect11314,St518,Cus172371v,Prt1815,Sv02,Cnt182,Insu1416,6/2/2017,6/9/2017,7,Chuyển khoản,1620000
Rect11315,St500,Cus172838v,Prt1816,Sv02,Cnt183,Insu1417,3/19/2017,3/26/2017,7,Chuyển khoản,790000
Rect11316,St519,Cus173074v,Prt1817,Sv02,Cnt184,Insu1418,2/23/2017,3/2/2017,7,Chuyển khoản,2780000
Rect11317,St476,Cus173356v,Prt1818,Sv02,Cnt185,Insu1419,2/13/2016,2/20/2016,7,Tiền mặt,2910000
Rect11318,St491,Cus173391v,Prt1819,Sv02,Cnt186,Insu1420,7/27/2017,8/3/2017,7,Tiền mặt,1310000
Rect11319,St491,Cus174154v,Prt182,Sv02,Cnt187,Insu1421,6/3/2016,6/10/2016,7,Chuyển khoản,1600000
Rect11320,St466,Cus174327v,Prt1820,Sv02,Cnt188,Insu1422,12/6/2016,12/13/2016,7,Chuyển khoản,1090000
Rect11321,St491,Cus174346v,Prt1821,Sv02,Cnt189,Insu1423,1/8/2017,1/15/2017,7,Chuyển khoản,2870000
Rect11322,St539,Cus174468v,Prt1822,Sv02,Cnt19,Insu1424,7/4/2016,7/11/2016,7,Chuyển khoản,1510000
Rect11323,St476,Cus174604v,Prt1823,Sv02,Cnt190,Insu1425,7/14/2017,7/21/2017,7,Tiền mặt,1220000
Rect11324,St547,Cus174620v,Prt1824,Sv02,Cnt191,Insu1426,10/4/2017,10/11/2017,7,Tiền mặt,2390000
Rect11325,St547,Cus175178v,Prt1825,Sv02,Cnt192,Insu1427,3/24/2017,3/31/2017,7,Chuyển khoản,1780000
Rect11326,St538,Cus175354v,Prt1826,Sv02,Cnt193,Insu1428,3/16/2016,3/23/2016,7,Chuyển khoản,690000
Rect11327,St476,Cus17535v,Prt1827,Sv02,Cnt194,Insu1429,11/19/2016,11/26/2016,7,Chuyển khoản,2460000
Rect11328,St500,Cus175686v,Prt1828,Sv02,Cnt195,Insu1430,5/1/2016,5/8/2016,7,Chuyển khoản,1830000
Rect11329,St458,Cus175740v,Prt1829,Sv02,Cnt196,Insu1431,4/6/2016,4/13/2016,7,Tiền mặt,1510000
Rect11330,St533,Cus176063v,Prt183,Sv02,Cnt197,Insu1432,11/1/2016,11/8/2016,7,Tiền mặt,1410000
Rect11331,St530,Cus176079v,Prt1830,Sv02,Cnt198,Insu1433,11/15/2017,11/22/2017,7,Chuyển khoản,2690000
Rect11332,St491,Cus176401v,Prt1831,Sv02,Cnt199,Insu1434,3/14/2016,3/21/2016,7,Chuyển khoản,2010000
Rect11333,St511,Cus176437v,Prt1832,Sv02,Cnt20,Insu1435,6/8/2016,6/15/2016,7,Chuyển khoản,1540000
Rect11334,St465,Cus176461v,Prt1833,Sv02,Cnt200,Insu1436,8/22/2017,8/29/2017,7,Chuyển khoản,520000
Rect11335,St476,Cus176637v,Prt1834,Sv02,Cnt201,Insu1437,2/8/2016,2/13/2016,5,Tiền mặt,1350000
Rect11336,St537,Cus176732v,Prt1835,Sv02,Cnt202,Insu1438,8/7/2017,8/12/2017,5,Tiền mặt,1070000
Rect11337,St537,Cus176923v,Prt1836,Sv02,Cnt203,Insu1439,9/2/2017,9/7/2017,5,Chuyển khoản,2730000
Rect11338,St490,Cus176959v,Prt1837,Sv02,Cnt204,Insu1440,6/2/2017,6/7/2017,5,Chuyển khoản,1950000
Rect11339,St458,Cus177058v,Prt1838,Sv02,Cnt205,Insu1441,6/6/2016,6/11/2016,5,Chuyển khoản,2640000
Rect11340,St547,Cus177118v,Prt1839,Sv02,Cnt206,Insu1442,5/19/2017,5/24/2017,5,Chuyển khoản,680000
Rect11341,St458,Cus177136v,Prt184,Sv02,Cnt207,Insu1443,4/8/2017,4/13/2017,5,Tiền mặt,1500000
Rect11342,St466,Cus177513v,Prt1840,Sv02,Cnt208,Insu1444,9/2/2017,9/7/2017,5,Tiền mặt,2250000
Rect11343,St460,Cus177568v,Prt1841,Sv02,Cnt209,Insu1445,12/11/2016,12/16/2016,5,Chuyển khoản,1090000
Rect11344,St500,Cus177694v,Prt1842,Sv02,Cnt21,Insu1446,7/26/2016,7/31/2016,5,Chuyển khoản,1300000
Rect11345,St538,Cus177865v,Prt1843,Sv02,Cnt210,Insu1447,9/6/2017,9/11/2017,5,Chuyển khoản,2290000
Rect11346,St519,Cus177873v,Prt1844,Sv02,Cnt211,Insu1448,5/11/2016,5/16/2016,5,Chuyển khoản,1610000
Rect11347,St491,Cus17795v,Prt1845,Sv02,Cnt212,Insu1449,8/13/2016,8/18/2016,5,Tiền mặt,1160000
Rect11348,St457,Cus17850v,Prt1846,Sv02,Cnt213,Insu1450,7/14/2017,7/19/2017,5,Tiền mặt,650000
Rect11349,St530,Cus17865v,Prt1847,Sv02,Cnt214,Insu1451,10/29/2016,11/3/2016,5,Chuyển khoản,2030000
Rect11350,St493,Cus178985v,Prt1848,Sv02,Cnt215,Insu1452,1/16/2016,1/21/2016,5,Chuyển khoản,1550000
Rect11351,St547,Cus179911v,Prt1849,Sv02,Cnt216,Insu1453,3/28/2016,4/2/2016,5,Chuyển khoản,1980000
Rect11352,St541,Cus179951v,Prt185,Sv02,Cnt217,Insu1454,3/4/2017,3/9/2017,5,Chuyển khoản,2880000
Rect11353,St533,Cus179952v,Prt1850,Sv02,Cnt218,Insu1455,6/13/2017,6/18/2017,5,Tiền mặt,1660000
Rect11354,St519,Cus180093v,Prt1851,Sv02,Cnt219,Insu1456,9/27/2016,10/3/2016,6,Tiền mặt,1720000
Rect11355,St500,Cus18019v,Prt1852,Sv02,Cnt22,Insu1457,8/16/2017,8/22/2017,6,Chuyển khoản,670000
Rect11356,St457,Cus180372v,Prt1853,Sv02,Cnt220,Insu1458,2/7/2016,2/13/2016,6,Chuyển khoản,2590000
Rect11357,St547,Cus181118v,Prt1854,Sv02,Cnt221,Insu1459,6/2/2016,6/8/2016,6,Chuyển khoản,490000
Rect11358,St533,Cus181352v,Prt1855,Sv02,Cnt222,Insu1460,10/17/2016,10/23/2016,6,Chuyển khoản,700000
Rect11359,St482,Cus181743v,Prt1856,Sv02,Cnt223,Insu1461,8/6/2017,8/12/2017,6,Tiền mặt,890000
Rect11360,St530,Cus182125v,Prt1857,Sv02,Cnt224,Insu1462,6/30/2017,7/6/2017,6,Tiền mặt,2060000
Rect11361,St469,Cus182961v,Prt1858,Sv02,Cnt225,Insu1463,6/8/2017,6/14/2017,6,Chuyển khoản,2080000
Rect11362,St482,Cus182969v,Prt1859,Sv02,Cnt226,Insu1464,3/2/2016,3/8/2016,6,Chuyển khoản,2690000
Rect11363,St469,Cus183025v,Prt186,Sv02,Cnt227,Insu1465,4/9/2017,4/15/2017,6,Chuyển khoản,2870000
Rect11364,St476,Cus183154v,Prt1860,Sv02,Cnt228,Insu1466,3/2/2016,3/8/2016,6,Chuyển khoản,2850000
Rect11365,St457,Cus183243v,Prt1861,Sv02,Cnt229,Insu1467,8/3/2017,8/9/2017,6,Tiền mặt,1220000
Rect11366,St537,Cus183368v,Prt1862,Sv02,Cnt23,Insu1468,10/21/2016,10/27/2016,6,Tiền mặt,1330000
Rect11367,St469,Cus183675v,Prt1863,Sv02,Cnt230,Insu1469,5/11/2017,5/17/2017,6,Chuyển khoản,920000
Rect11368,St541,Cus183999v,Prt1864,Sv02,Cnt231,Insu1470,1/24/2016,1/30/2016,6,Chuyển khoản,1990000
Rect11369,St518,Cus184518v,Prt1865,Sv02,Cnt232,Insu1471,7/16/2017,7/22/2017,6,Chuyển khoản,2950000
Rect11370,St491,Cus184606v,Prt1866,Sv02,Cnt233,Insu1472,9/22/2017,9/28/2017,6,Chuyển khoản,2390000
Rect11371,St519,Cus184743v,Prt1867,Sv02,Cnt234,Insu1473,3/22/2017,3/28/2017,6,Tiền mặt,1950000
Rect11372,St518,Cus184808v,Prt1868,Sv02,Cnt235,Insu1474,10/28/2017,11/3/2017,6,Tiền mặt,1560000
Rect11373,St468,Cus184835v,Prt1869,Sv02,Cnt236,Insu1475,2/4/2017,2/10/2017,6,Chuyển khoản,1830000
Rect11374,St540,Cus185584v,Prt187,Sv02,Cnt237,Insu1476,6/14/2017,6/20/2017,6,Chuyển khoản,2450000
Rect11375,St493,Cus186122v,Prt1870,Sv02,Cnt238,Insu1477,4/27/2016,5/3/2016,6,Chuyển khoản,1950000
Rect11376,St539,Cus186397v,Prt1871,Sv02,Cnt239,Insu1478,12/28/2016,1/3/2017,6,Chuyển khoản,2720000
Rect11377,St460,Cus186462v,Prt1872,Sv02,Cnt24,Insu1479,10/23/2017,10/29/2017,6,Tiền mặt,980000
Rect11378,St493,Cus187188v,Prt1873,Sv02,Cnt240,Insu1480,12/2/2016,12/8/2016,6,Tiền mặt,1090000
Rect11379,St510,Cus187201v,Prt1874,Sv02,Cnt241,Insu1481,7/6/2016,7/12/2016,6,Chuyển khoản,2320000
Rect11380,St457,Cus187332v,Prt1875,Sv02,Cnt242,Insu1482,8/27/2017,9/2/2017,6,Chuyển khoản,1970000
Rect11381,St457,Cus187526v,Prt1876,Sv02,Cnt243,Insu1483,11/20/2017,11/26/2017,6,Chuyển khoản,710000
Rect11382,St476,Cus187943v,Prt1877,Sv02,Cnt244,Insu1484,4/17/2016,4/23/2016,6,Chuyển khoản,2950000
Rect11383,St510,Cus188025v,Prt1878,Sv02,Cnt245,Insu1485,8/22/2016,8/28/2016,6,Tiền mặt,870000
Rect11384,St469,Cus188319v,Prt1879,Sv02,Cnt246,Insu1486,12/3/2016,12/9/2016,6,Tiền mặt,2550000
Rect11385,St547,Cus188329v,Prt188,Sv02,Cnt247,Insu1487,1/9/2016,1/15/2016,6,Chuyển khoản,470000
Rect11386,St518,Cus188389v,Prt1880,Sv02,Cnt248,Insu1488,11/25/2017,12/1/2017,6,Chuyển khoản,1040000
Rect11387,St460,Cus188432v,Prt1881,Sv02,Cnt249,Insu1489,3/4/2017,3/10/2017,6,Chuyển khoản,1790000
Rect11388,St540,Cus18878v,Prt1882,Sv02,Cnt25,Insu1490,2/21/2017,2/27/2017,6,Chuyển khoản,1460000
Rect11389,St457,Cus188870v,Prt1883,Sv02,Cnt250,Insu1491,8/8/2016,8/14/2016,6,Tiền mặt,1160000
Rect11390,St457,Cus18904v,Prt1884,Sv02,Cnt251,Insu1492,5/30/2017,6/5/2017,6,Tiền mặt,2040000
Rect11391,St490,Cus189114v,Prt1885,Sv02,Cnt252,Insu1493,8/25/2017,8/31/2017,6,Chuyển khoản,530000
Rect11392,St503,Cus189380v,Prt1886,Sv02,Cnt253,Insu1494,3/28/2017,4/3/2017,6,Chuyển khoản,830000
Rect11393,St511,Cus189504v,Prt1887,Sv02,Cnt254,Insu1495,6/9/2017,6/15/2017,6,Chuyển khoản,1310000
Rect11394,St518,Cus189941v,Prt1888,Sv02,Cnt255,Insu1496,2/4/2017,2/10/2017,6,Chuyển khoản,730000
Rect11395,St457,Cus190141v,Prt1889,Sv02,Cnt256,Insu1497,1/31/2016,2/6/2016,6,Tiền mặt,1310000
Rect11396,St469,Cus190492v,Prt189,Sv02,Cnt257,Insu1498,4/21/2016,4/27/2016,6,Tiền mặt,1220000
Rect11397,St539,Cus190897v,Prt1890,Sv02,Cnt258,Insu1499,2/14/2016,2/20/2016,6,Chuyển khoản,950000
Rect11398,St547,Cus191033v,Prt1891,Sv02,Cnt259,Insu1500,9/28/2017,10/4/2017,6,Chuyển khoản,1040000
